,Energy,mean,2*std,Ulow,Uup,status
0,61.3413397782135,58.81916046142578,8.359925270080566,50.459235191345215,67.17908573150635,
1,40.2800803192604,39.00436019897461,7.480457782745361,31.523902416229248,46.48481798171997,
2,48.0689200485494,48.878517150878906,6.052979946136475,42.82553720474243,54.93149709701538,
3,29.4773818568228,29.18448829650879,6.7989821434021,22.38550615310669,35.98347043991089,
4,22.0706485722216,20.235214233398438,4.062407970428467,16.17280626296997,24.297622203826904,
5,41.7227121799386,38.69907760620117,10.52525520324707,28.1738224029541,49.22433280944824,
6,80.9847267883173,86.11321258544922,15.248542785644531,70.86466979980469,101.36175537109375,
7,90.4941882859363,89.54409790039062,12.437411308288574,77.10668659210205,101.9815092086792,
8,2.05473465042237,1.351680874824524,2.90219783782959,-1.550516963005066,4.253878712654114,
9,44.8527591233593,43.38780212402344,6.577889442443848,36.80991268157959,49.965691566467285,
10,42.4369717003698,40.56975555419922,8.304195404052734,32.265560150146484,48.87395095825195,
11,12.8019020101847,13.002863883972168,8.050596237182617,4.952267646789551,21.053460121154785,
12,8.25731851596653,8.716097831726074,3.9893689155578613,4.726728916168213,12.705466747283936,
13,17.4481127505066,17.815065383911133,3.3605105876922607,14.454554796218872,21.175575971603394,
14,7.55791036038829,8.675682067871094,7.270106315612793,1.4055757522583008,15.945788383483887,
15,83.5402152619936,81.14483642578125,11.613426208496094,69.53141021728516,92.75826263427734,
16,91.9777710320791,89.74552917480469,16.050153732299805,73.69537544250488,105.79568290710449,
17,32.2844639729668,29.08184814453125,4.7575201988220215,24.32432794570923,33.83936834335327,
18,0.897109520928325,7.093359470367432,5.225924015045166,1.8674354553222656,12.319283485412598,
19,34.9596553869887,32.73122024536133,9.546374320983887,23.18484592437744,42.277594566345215,
20,18.3314605101099,17.559206008911133,7.655022621154785,9.904183387756348,25.214228630065918,
21,51.8712620556422,48.72945022583008,10.010051727294922,38.719398498535156,58.739501953125,
22,31.0859124295015,30.62116241455078,7.326362133026123,23.294800281524658,37.947524547576904,
23,20.4347130256229,20.535173416137695,6.179704666137695,14.35546875,26.71487808227539,
24,90.4922669269797,91.54104614257812,14.619468688964844,76.92157745361328,106.16051483154297,
25,10.3493683337279,10.062796592712402,3.651394844055176,6.411401748657227,13.714191436767578,
26,59.9953410773494,61.0020751953125,9.456754684448242,51.54532051086426,70.45882987976074,
27,23.5117582964789,23.969911575317383,5.639858722686768,18.330052852630615,29.60977029800415,
28,9.95228277625759,11.008947372436523,6.10739803314209,4.901549339294434,17.116345405578613,
29,29.8472309441065,30.816364288330078,4.704564094543457,26.11180019378662,35.520928382873535,
30,66.0944793700918,63.62339782714844,9.56290054321289,54.06049728393555,73.18629837036133,
31,25.0916040517024,24.505958557128906,4.927550792694092,19.578407764434814,29.433509349822998,
32,1.24921510955255,-1.0666240453720093,3.2433924674987793,-4.310016512870789,2.17676842212677,
33,57.9040432141625,58.12303924560547,11.750208854675293,46.372830390930176,69.87324810028076,
34,54.759362892814,52.34926986694336,11.975977897644043,40.373291969299316,64.3252477645874,
35,1.50605595494397,0.08370298147201538,2.215334177017212,-2.1316311955451965,2.2990371584892273,
36,29.7501291526692,28.5046443939209,4.789549827575684,23.715094566345215,33.29419422149658,
37,33.6971921830722,34.91142654418945,4.413937568664551,30.497488975524902,39.325364112854004,
38,81.4145428241713,83.82380676269531,8.978917121887207,74.8448896408081,92.80272388458252,
39,19.2454500025538,21.339921951293945,6.436193466186523,14.903728485107422,27.77611541748047,
40,10.7764996322939,11.306745529174805,9.52761459350586,1.7791309356689453,20.834360122680664,
41,10.3983138870256,10.905374526977539,5.791925430297852,5.1134490966796875,16.69729995727539,
42,6.27940863832335,5.75104284286499,8.281176567077637,-2.5301337242126465,14.032219409942627,
43,32.5252214227314,30.775503158569336,8.821727752685547,21.95377540588379,39.59723091125488,
44,71.5456220722003,70.1998519897461,11.744917869567871,58.45493412017822,81.94476985931396,
45,9.37918907462597,9.210083961486816,5.384222507476807,3.8258614540100098,14.594306468963623,
46,46.4729836146901,46.96951675415039,9.322966575622559,37.64655017852783,56.29248332977295,
47,35.6299536726082,34.761783599853516,5.178103446960449,29.583680152893066,39.939887046813965,
48,7.43927013132364,7.16431188583374,5.426947116851807,1.7373647689819336,12.591259002685547,
49,59.2676322197261,57.95180130004883,10.274200439453125,47.6776008605957,68.22600173950195,
50,27.1874442992968,24.878591537475586,7.8164448738098145,17.06214666366577,32.6950364112854,
51,26.2943864581082,25.576618194580078,10.19498062133789,15.381637573242188,35.77159881591797,
52,90.441292972749,91.27152252197266,17.928682327270508,73.34284019470215,109.20020484924316,
53,37.1384360417048,36.202640533447266,7.170592784881592,29.032047748565674,43.37323331832886,
54,18.9162826886992,18.0799503326416,7.119358539581299,10.960591793060303,25.1993088722229,
55,26.1915114333834,25.852855682373047,7.972387313842773,17.880468368530273,33.82524299621582,
56,66.2757762937091,68.30854797363281,10.087374687194824,58.22117328643799,78.39592266082764,
57,7.31113062543653,10.019025802612305,4.739655494689941,5.279370307922363,14.758681297302246,
58,38.3995566108049,38.129302978515625,9.511082649230957,28.618220329284668,47.64038562774658,
59,124.116921343932,126.41004943847656,19.406047821044922,107.00400161743164,145.81609725952148,
60,30.9645302879133,29.242080688476562,7.143960952758789,22.098119735717773,36.38604164123535,
61,59.4204732262515,57.90275573730469,11.412720680236816,46.49003505706787,69.3154764175415,
62,31.9103582053914,31.365570068359375,7.149526119232178,24.216043949127197,38.51509618759155,
63,29.909856123155,30.816255569458008,9.77379035949707,21.042465209960938,40.59004592895508,
64,22.2342008974823,21.935636520385742,4.397111892700195,17.538524627685547,26.332748413085938,
65,84.4105902805785,84.05509948730469,14.183448791503906,69.87165069580078,98.2385482788086,
66,5.3574909694001,5.331419467926025,3.76550555229187,1.5659139156341553,9.096925020217896,
67,117.53343980785,120.15931701660156,25.049779891967773,95.10953712463379,145.20909690856934,
68,53.5219084454741,51.47197723388672,5.921436786651611,45.55054044723511,57.39341402053833,
69,89.6715599568649,88.86820220947266,13.792736053466797,75.07546615600586,102.66093826293945,
70,6.17489813843872,6.233785629272461,4.62593936920166,1.6078462600708008,10.859724998474121,
71,4.04615709105008,4.679377555847168,2.272548198699951,2.406829357147217,6.951925754547119,
72,28.5226237062114,27.977134704589844,7.853244781494141,20.123889923095703,35.830379486083984,
73,62.7606881910125,60.46495819091797,7.58702278137207,52.8779354095459,68.05198097229004,
74,14.6041059366004,14.59066390991211,3.7601637840270996,10.83050012588501,18.35082769393921,
75,16.5333431569186,17.615646362304688,6.88203239440918,10.733613967895508,24.497678756713867,
76,46.0237244527966,41.623634338378906,6.937207221984863,34.68642711639404,48.56084156036377,
77,2.83071461143668,4.187143325805664,3.9529647827148438,0.2341785430908203,8.140108108520508,
78,65.0383725319515,63.066593170166016,10.441643714904785,52.62494945526123,73.5082368850708,
79,44.8796316480794,41.48828887939453,9.761918067932129,31.726370811462402,51.25020694732666,
80,8.86762859566151,9.713247299194336,2.7748045921325684,6.938442707061768,12.488051891326904,
81,41.12790716537,42.439449310302734,8.94565486907959,33.493794441223145,51.385104179382324,
82,10.4443729420583,10.345498085021973,8.167374610900879,2.1781234741210938,18.51287269592285,
83,57.3975823409963,55.743934631347656,7.423883438110352,48.320051193237305,63.16781806945801,
84,26.3586302270348,25.787385940551758,7.917328834533691,17.870057106018066,33.70471477508545,
85,11.8289933623381,11.768433570861816,3.026134729385376,8.74229884147644,14.794568300247192,
86,26.40120511426,26.091703414916992,6.296357154846191,19.7953462600708,32.388060569763184,
87,27.3685284502118,27.055309295654297,6.8795576095581055,20.17575168609619,33.9348669052124,
88,110.591129494631,109.80440521240234,16.96949005126953,92.83491516113281,126.77389526367188,
89,53.7434423896901,52.85367202758789,9.68640422821045,43.16726779937744,62.54007625579834,
90,10.4301162762557,11.333932876586914,2.9460456371307373,8.387887239456177,14.279978513717651,
91,31.1413432653493,30.269758224487305,8.213329315185547,22.056428909301758,38.48308753967285,
92,30.4434018177827,30.44190788269043,8.375275611877441,22.06663227081299,38.81718349456787,
93,28.5654627103468,28.242080688476562,8.435840606689453,19.80624008178711,36.677921295166016,
94,87.4662702043597,86.37948608398438,10.796027183532715,75.58345890045166,97.17551326751709,
95,67.8652659964963,60.74567413330078,7.594117641448975,53.15155649185181,68.33979177474976,
96,29.5754827812393,28.225515365600586,11.854832649230957,16.37068271636963,40.08034801483154,
97,34.2355853584929,33.40159606933594,6.160681247711182,27.240914821624756,39.56227731704712,
98,44.4110918771447,44.07522201538086,6.429305553436279,37.64591646194458,50.50452756881714,
99,20.1046601851907,21.414724349975586,8.835972785949707,12.578751564025879,30.250697135925293,
100,43.2312078434398,43.758216857910156,6.088374137878418,37.66984272003174,49.846590995788574,
101,5.15051462920476,6.332210063934326,3.6822826862335205,2.6499273777008057,10.014492750167847,
102,173.30622601204,160.08071899414062,28.17670440673828,131.90401458740234,188.2574234008789,
103,76.3207282861676,79.15345001220703,11.409456253051758,67.74399375915527,90.56290626525879,
104,32.1978062136104,31.751440048217773,5.760334014892578,25.991106033325195,37.51177406311035,
105,2.77958452128989,2.7477166652679443,3.345930337905884,-0.5982136726379395,6.093647003173828,
106,150.899330890568,147.0404052734375,21.51875877380371,125.52164649963379,168.5591640472412,
107,121.508825412877,119.71375274658203,18.425395965576172,101.28835678100586,138.1391487121582,
108,48.1119786448372,45.78996276855469,6.492985248565674,39.296977519989014,52.28294801712036,
109,6.02673517240118,6.713403701782227,2.446381092071533,4.267022609710693,9.15978479385376,
110,80.3178246981154,78.43738555908203,14.328886032104492,64.10849952697754,92.76627159118652,
111,101.776488131129,100.25089263916016,16.181377410888672,84.06951522827148,116.43227005004883,
112,23.0092375864083,24.82625961303711,8.652073860168457,16.174185752868652,33.478333473205566,
113,52.1826036368066,50.847747802734375,8.892736434936523,41.95501136779785,59.7404842376709,
114,120.892497074105,126.83760833740234,20.615665435791016,106.22194290161133,147.45327377319336,
115,23.3808269801994,25.438005447387695,10.481659889221191,14.956345558166504,35.91966533660889,
116,129.424595166748,127.74311828613281,24.46141242980957,103.28170585632324,152.20453071594238,
117,182.284976063043,168.6605682373047,25.893545150756836,142.76702308654785,194.55411338806152,
118,127.097483518198,130.7191925048828,17.3994197845459,113.31977272033691,148.1186122894287,
119,73.4284607683738,68.76341247558594,11.606974601745605,57.15643787384033,80.37038707733154,
120,134.745750830469,134.53970336914062,23.1335506439209,111.40615272521973,157.67325401306152,
121,9.15126490132232,9.393877983093262,3.1743249893188477,6.219552993774414,12.56820297241211,
122,29.3446590298105,29.267581939697266,8.906332969665527,20.36124897003174,38.17391490936279,
123,25.5466909865728,31.165212631225586,9.523552894592285,21.6416597366333,40.68876552581787,
124,80.0776727303136,77.411376953125,12.680814743041992,64.73056221008301,90.09219169616699,
125,109.89547948522,109.04546356201172,19.406797409057617,89.6386661529541,128.45226097106934,
126,47.6585143651067,45.266780853271484,9.969151496887207,35.29762935638428,55.23593235015869,
127,13.8825364157094,14.281972885131836,6.702714443206787,7.579258441925049,20.984687328338623,
128,14.4988988731291,14.202903747558594,6.96279239654541,7.240111351013184,21.165696144104004,
129,170.647996720139,164.1726837158203,19.14772605895996,145.02495765686035,183.32040977478027,
130,18.0082148657923,19.63055992126465,6.446918487548828,13.18364143371582,26.077478408813477,
131,24.5510747028287,23.029743194580078,8.313117980957031,14.716625213623047,31.34286117553711,
132,8.95253560542739,9.217338562011719,7.312752723693848,1.904585838317871,16.530091285705566,
133,8.7553445435608,12.668508529663086,7.668982982635498,4.999525547027588,20.337491512298584,
134,13.9532047757693,13.616154670715332,8.72536563873291,4.890789031982422,22.341520309448242,
135,72.1739844751907,67.10760498046875,11.082879066467285,56.024725914001465,78.19048404693604,
136,82.3311216183155,77.30300903320312,17.730798721313477,59.57221031188965,95.0338077545166,
137,13.8406488429977,14.18027114868164,6.2437520027160645,7.936519145965576,20.424023151397705,
138,33.3430117051659,31.848716735839844,6.802664279937744,25.0460524559021,38.65138101577759,
139,40.8818097423896,39.552738189697266,8.15119743347168,31.401540756225586,47.703935623168945,
140,71.0162784365799,64.82252502441406,11.716198921203613,53.10632610321045,76.53872394561768,
141,10.4011851228105,18.9945125579834,10.904952049255371,8.089560508728027,29.89946460723877,
142,9.11228564075509,9.68896198272705,3.918238639831543,5.770723342895508,13.607200622558594,
143,21.7327671645678,20.219907760620117,3.969956636428833,16.249951124191284,24.18986439704895,
144,76.6688113127197,75.96768188476562,8.903526306152344,67.06415557861328,84.87120819091797,
145,28.6854303332534,29.471757888793945,5.231908798217773,24.239849090576172,34.70366668701172,
146,57.3088265849177,57.3063850402832,7.572965621948242,49.73341941833496,64.87935066223145,
147,1.92496073732895,2.4613442420959473,7.835864543914795,-5.374520301818848,10.297208786010742,
148,28.6301914722623,29.957563400268555,5.160964488983154,24.7965989112854,35.11852788925171,
149,3.56939198851031,3.969295024871826,3.680454730987549,0.28884029388427734,7.649749755859375,
150,6.46419353225461,6.856264114379883,3.5191314220428467,3.337132692337036,10.37539553642273,
151,47.0120290972765,46.959083557128906,7.874330997467041,39.084752559661865,54.83341455459595,
152,34.187745276522,34.268585205078125,5.337803363800049,28.930781841278076,39.606388568878174,
153,17.047617394087,17.612234115600586,7.920543193817139,9.691690921783447,25.532777309417725,
154,3.69779060958427,13.648730278015137,9.755441665649414,3.8932886123657227,23.40417194366455,
155,15.4116367179762,16.272056579589844,3.2212605476379395,13.050796031951904,19.493317127227783,
156,10.0552757575299,9.622910499572754,7.076112747192383,2.546797752380371,16.699023246765137,
157,7.31167271098616,7.766758918762207,2.785158157348633,4.981600761413574,10.55191707611084,
158,21.1808362002755,20.106874465942383,3.6005377769470215,16.50633668899536,23.707412242889404,
159,17.9487325405456,20.861591339111328,5.66333532333374,15.198256015777588,26.52492666244507,
160,13.6732457152196,14.411940574645996,6.997088432312012,7.414852142333984,21.409029006958008,
161,23.6587372068684,24.176042556762695,5.788271427154541,18.387771129608154,29.964313983917236,
162,4.46878160764115,4.74580717086792,3.6032254695892334,1.1425817012786865,8.349032640457153,
163,39.7715330740102,38.11248016357422,7.7600250244140625,30.352455139160156,45.87250518798828,
164,13.0634686225575,13.472391128540039,5.3221755027771,8.15021562576294,18.79456663131714,
165,37.2515811173482,34.24655532836914,6.571503639221191,27.67505168914795,40.81805896759033,
166,19.473765427733,20.381649017333984,7.780678749084473,12.600970268249512,28.162327766418457,
167,14.2836495982318,15.511784553527832,4.513622283935547,10.998162269592285,20.02540683746338,
168,67.252458021512,63.250003814697266,10.817136764526367,52.4328670501709,74.06714057922363,
169,41.0891386185787,38.72015380859375,5.851250648498535,32.868903160095215,44.571404457092285,
170,64.9447638770403,67.10807800292969,10.028522491455078,57.07955551147461,77.13660049438477,
171,8.30420635448695,9.679203987121582,3.5158040523529053,6.163399934768677,13.195008039474487,
172,10.1786811308818,10.264968872070312,4.441280364990234,5.823688507080078,14.706249237060547,
173,83.4638157502321,82.56182861328125,12.606522560119629,69.95530605316162,95.16835117340088,
174,39.7113174283388,39.189361572265625,7.4642109870910645,31.72515058517456,46.65357255935669,
175,127.688950776848,122.42002868652344,22.75493621826172,99.66509246826172,145.17496490478516,
176,5.66276381867137,7.344146251678467,3.082449197769165,4.261697053909302,10.426595449447632,
177,1.68551170268549,4.121990203857422,5.177978992462158,-1.0559887886047363,9.29996919631958,
178,16.8190158625651,14.932313919067383,3.337664842605591,11.594649076461792,18.269978761672974,
179,18.715120477075,19.213306427001953,4.773903846740723,14.43940258026123,23.987210273742676,
180,64.2844304346558,57.55986022949219,9.206089973449707,48.35377025604248,66.7659502029419,
181,39.9782395085873,36.92672348022461,7.290118217468262,29.636605262756348,44.21684169769287,
182,16.178267830985,16.183597564697266,4.0793256759643555,12.10427188873291,20.26292324066162,
183,12.4593812476473,15.508487701416016,4.009403228759766,11.49908447265625,19.51789093017578,
184,14.748501008439,14.481385231018066,3.6061553955078125,10.875229835510254,18.08754062652588,
185,4.74488566492707,5.568660259246826,2.1407878398895264,3.4278724193573,7.7094480991363525,
186,8.84402183049971,8.566969871520996,3.991123914718628,4.575845956802368,12.558093786239624,
187,3.90161213144317,5.002921104431152,2.827427864074707,2.1754932403564453,7.830348968505859,
188,108.695987608997,106.63595581054688,12.696202278137207,93.93975353240967,119.33215808868408,
189,88.2710341507752,86.9249038696289,9.861814498901367,77.06308937072754,96.78671836853027,
190,33.2990766794164,32.066795349121094,5.479559898376465,26.58723545074463,37.54635524749756,
191,62.4964199002251,59.252220153808594,8.223286628723145,51.02893352508545,67.47550678253174,
192,61.822988113526,58.5485725402832,11.452836990356445,47.09573554992676,70.00140953063965,
193,9.94920495063026,11.215645790100098,3.283163547515869,7.9324822425842285,14.498809337615967,
194,23.8248781890608,22.97165870666504,8.629682540893555,14.341976165771484,31.601341247558594,
195,16.2171957054802,15.936010360717773,7.216322422027588,8.719687938690186,23.15233278274536,
196,22.2251056604203,22.877655029296875,6.8843207359313965,15.993334293365479,29.76197576522827,
197,24.2134423550345,23.10309410095215,7.2843451499938965,15.818748950958252,30.387439250946045,
198,13.8212394016925,13.69416332244873,3.9318363666534424,9.762326955795288,17.625999689102173,
199,65.1380903529506,62.60268020629883,8.644548416137695,53.95813179016113,71.24722862243652,
200,6.58715681913618,6.2382588386535645,10.465831756591797,-4.227572917938232,16.70409059524536,
201,11.7513844298319,12.800874710083008,6.170106887817383,6.630767822265625,18.97098159790039,
202,22.154531994278,21.483444213867188,3.9534308910369873,17.5300133228302,25.436875104904175,
203,37.1379939080176,33.911685943603516,4.632850170135498,29.278835773468018,38.544536113739014,
204,29.9560374847921,28.664594650268555,3.5717732906341553,25.0928213596344,32.23636794090271,
205,10.8893664241114,11.982268333435059,4.989044189453125,6.993224143981934,16.971312522888184,
206,25.3679691409625,24.398908615112305,3.866971254348755,20.53193736076355,28.26587986946106,
207,2.32428008903175,2.1609768867492676,2.953744411468506,-0.7927675247192383,5.114721298217773,
208,3.28196985132925,8.620950698852539,6.975886821746826,1.645063877105713,15.596837520599365,
209,45.6724198035886,43.69955825805664,7.954792499542236,35.744765758514404,51.65435075759888,
210,10.3773850786209,13.456671714782715,10.684064865112305,2.77260684967041,24.14073657989502,
211,33.2247127912235,31.122846603393555,4.87564754486084,26.247199058532715,35.998494148254395,
212,48.8930220516785,46.77384948730469,7.373630523681641,39.40021896362305,54.14748001098633,
213,68.7411549689739,70.35688018798828,11.088022232055664,59.26885795593262,81.44490242004395,
214,72.0033109834804,68.71691131591797,13.526956558227539,55.18995475769043,82.24386787414551,
215,48.4327364475862,43.40268325805664,6.501079082489014,36.90160417556763,49.903762340545654,
216,12.7270411558902,13.024888038635254,4.241576194763184,8.78331184387207,17.266464233398438,
217,2.09418738269136,2.235835075378418,2.8358898162841797,-0.6000547409057617,5.071724891662598,
218,78.9023788636457,79.97745513916016,13.942849159240723,66.03460597991943,93.92030429840088,
219,32.2382271111415,31.042818069458008,10.357028007507324,20.685790061950684,41.39984607696533,
220,57.8540149759261,56.597930908203125,9.93964672088623,46.658284187316895,66.53757762908936,
221,29.83493612994,29.389135360717773,7.052295684814453,22.33683967590332,36.44143104553223,
222,7.59181347866513,7.718680381774902,8.3510160446167,-0.6323356628417969,16.0696964263916,
223,67.498469042758,72.66802215576172,9.75344181060791,62.91458034515381,82.42146396636963,
224,46.3353427443054,45.48759460449219,6.636884689331055,38.85070991516113,52.12447929382324,
225,156.664964230984,150.130615234375,27.455686569213867,122.67492866516113,177.58630180358887,
226,27.7832794512582,26.70948028564453,4.106809139251709,22.602671146392822,30.81628942489624,
227,28.0223183479586,27.56730842590332,6.59469747543335,20.97261095046997,34.16200590133667,
228,68.9069688257808,70.13050842285156,11.113234519958496,59.017273902893066,81.24374294281006,
229,34.1469950011879,33.64976119995117,6.390013217926025,27.259747982025146,40.0397744178772,
230,5.29163117210843,4.977537155151367,3.656782865524292,1.3207542896270752,8.63432002067566,
231,63.288819324515,62.06459045410156,11.346396446228027,50.718194007873535,73.41098690032959,
232,41.93939593123,41.0318717956543,7.784852027893066,33.24701976776123,48.81672382354736,
233,8.33423837609471,8.958654403686523,3.4149863719940186,5.543668031692505,12.373640775680542,
234,41.7365388425927,39.89740753173828,7.31442928314209,32.58297824859619,47.21183681488037,
235,48.9330557547809,45.174964904785156,11.723852157592773,33.45111274719238,56.89881706237793,
236,3.3219124751697,3.469550132751465,2.8310630321502686,0.6384871006011963,6.300613164901733,
237,5.41946400257905,7.905775547027588,8.773697853088379,-0.867922306060791,16.679473400115967,
238,40.9145369643171,39.225379943847656,7.35131311416626,31.874066829681396,46.576693058013916,
239,8.33990030571014,8.982824325561523,4.164493560791016,4.818330764770508,13.147317886352539,
240,0.712244321587292,-0.502694308757782,3.448185443878174,-3.950879752635956,2.945491135120392,
241,69.4268551287766,65.74291229248047,8.214402198791504,57.528510093688965,73.95731449127197,
242,55.820961170373,55.45005798339844,12.045816421508789,43.40424156188965,67.49587440490723,
243,3.79908858004831,4.210458278656006,5.224496364593506,-1.0140380859375,9.434954643249512,
244,85.3961948188564,85.89798736572266,11.868973731994629,74.02901363372803,97.76696109771729,
245,3.84900755903091,2.86545729637146,3.517735719680786,-0.6522784233093262,6.383193016052246,
246,2.18687577019262,1.1562508344650269,3.5143179893493652,-2.3580671548843384,4.670568823814392,
247,68.3967860679533,66.05936431884766,9.530509948730469,56.52885437011719,75.58987426757812,
248,6.51084558269558,6.108145713806152,4.1876540184021,1.9204916954040527,10.295799732208252,
249,27.3634851206783,27.086122512817383,6.485714912414551,20.600407600402832,33.571837425231934,
250,45.2166783217895,45.90907287597656,11.978550910949707,33.930521965026855,57.88762378692627,
251,8.99575385026195,9.456266403198242,5.99863862991333,3.457627773284912,15.454905033111572,
252,38.8179440235577,37.49081039428711,3.388517379760742,34.10229301452637,40.87932777404785,
253,7.75649980778354,8.519499778747559,3.3252639770507812,5.194235801696777,11.84476375579834,
254,21.8870521265217,20.930908203125,9.773491859436035,11.157416343688965,30.704400062561035,
255,18.5746998350701,18.500850677490234,3.3303065299987793,15.170544147491455,21.831157207489014,
256,58.9056369662455,52.38397216796875,11.363882064819336,41.020090103149414,63.747854232788086,
257,6.83607596972414,7.993441104888916,3.399322509765625,4.594118595123291,11.392763614654541,
258,59.3650427897246,56.199745178222656,9.605852127075195,46.59389305114746,65.80559730529785,
259,43.1121589052648,43.4167366027832,7.075430393218994,36.34130620956421,50.4921669960022,
260,68.5570922778905,63.308589935302734,13.61788272857666,49.690707206726074,76.9264726638794,
261,1.61671922346547,1.1610852479934692,3.5758168697357178,-2.4147316217422485,4.736902117729187,
262,45.7389624061253,45.036231994628906,7.307010173797607,37.7292218208313,52.343242168426514,
263,8.6920455809796,8.833367347717285,4.150567054748535,4.68280029296875,12.98393440246582,
264,67.9156465887112,66.54502868652344,11.3516206741333,55.19340801239014,77.89664936065674,
265,40.7413441347711,39.959136962890625,6.228682518005371,33.730454444885254,46.187819480895996,
266,13.6311880320395,14.847599029541016,2.558774709701538,12.288824319839478,17.406373739242554,
267,58.311176063792,55.04104232788086,8.326042175292969,46.71500015258789,63.36708450317383,
268,2.46742315678919,2.5032079219818115,3.9280197620391846,-1.424811840057373,6.431227684020996,
269,103.381507088428,102.12767028808594,17.573869705200195,84.55380058288574,119.70153999328613,
270,12.5943360948626,13.328424453735352,4.415478706359863,8.912945747375488,17.743903160095215,
271,17.3829586515289,16.866817474365234,3.486220121383667,13.380597352981567,20.3530375957489,
272,128.546430416092,124.62493133544922,16.47966957092285,108.14526176452637,141.10460090637207,
273,35.6970186839578,35.79338836669922,4.774234294891357,31.01915407180786,40.567622661590576,
274,29.6841365460659,30.027978897094727,6.698487758636475,23.329491138458252,36.7264666557312,
275,81.6962743496194,77.25434875488281,14.169395446777344,63.08495330810547,91.42374420166016,
276,54.8219870576726,51.85249328613281,8.568215370178223,43.28427791595459,60.420708656311035,
277,48.9130237314348,43.99203872680664,7.341644763946533,36.65039396286011,51.333683490753174,
278,110.413837793173,113.1437759399414,20.104673385620117,93.03910255432129,133.24844932556152,
279,39.7567762528842,37.43283462524414,4.490190505981445,32.942644119262695,41.923025131225586,
280,31.4204737277503,31.083528518676758,7.725362300872803,23.358166217803955,38.80889081954956,
281,59.0974088912428,60.63953399658203,11.594277381896973,49.04525661468506,72.233811378479,
282,52.5635815530969,49.99749755859375,7.504792213439941,42.49270534515381,57.50228977203369,
283,116.969547917971,119.386962890625,18.161104202270508,101.22585868835449,137.5480670928955,
284,10.1570590258998,11.22085189819336,8.055033683776855,3.165818214416504,19.275885581970215,
285,64.8960172668058,59.20256042480469,7.538177490234375,51.66438293457031,66.74073791503906,
286,10.6236869656908,8.435937881469727,3.8688805103302,4.567057371139526,12.304818391799927,
287,12.7441890083066,15.410839080810547,4.540912628173828,10.869926452636719,19.951751708984375,
288,16.0933222847387,19.25154685974121,4.853211879730225,14.398334980010986,24.104758739471436,
289,20.2942956602526,19.888879776000977,4.274901390075684,15.613978385925293,24.16378116607666,
290,17.6984809404451,18.17000389099121,5.915157794952393,12.254846096038818,24.085161685943604,
291,7.74818109171397,8.448675155639648,3.8326892852783203,4.615985870361328,12.281364440917969,
292,51.4868095701443,47.75695037841797,9.002256393432617,38.75469398498535,56.759206771850586,
293,12.2656224135596,12.88369083404541,9.003902435302734,3.879788398742676,21.887593269348145,
294,49.925029894166,46.893272399902344,7.987496852874756,38.90577554702759,54.8807692527771,
295,158.761532208596,153.53233337402344,28.05931854248047,125.47301483154297,181.5916519165039,
296,13.4514836911405,14.592449188232422,3.4726762771606445,11.119772911071777,18.065125465393066,
297,21.3899820866358,20.266918182373047,6.386570930480957,13.88034725189209,26.653489112854004,
298,26.5805503015607,27.13166046142578,9.405076026916504,17.726584434509277,36.536736488342285,
299,52.8484942904036,52.18062973022461,6.119203567504883,46.06142616271973,58.29983329772949,
300,7.46610813317224,7.46419095993042,9.042113304138184,-1.5779223442077637,16.506304264068604,
301,86.1886419179089,83.78450775146484,16.3281307220459,67.45637702941895,100.11263847351074,
302,32.206777249615,27.996301651000977,6.572524547576904,21.423777103424072,34.56882619857788,
303,46.4764296523669,45.583580017089844,5.608230113983154,39.97534990310669,51.191810131073,
304,41.907529960155,43.02779006958008,6.406787395477295,36.62100267410278,49.43457746505737,
305,4.21199085798581,3.1758334636688232,7.995748996734619,-4.819915533065796,11.171582460403442,
306,32.9949823978857,31.05523109436035,6.953779697418213,24.10145139694214,38.009010791778564,
307,36.7446165242844,36.57951354980469,8.723797798156738,27.85571575164795,45.303311347961426,
308,17.9464112765383,18.48286247253418,7.444559097290039,11.03830337524414,25.92742156982422,
309,1.87152327482147,0.20593108236789703,5.0227813720703125,-4.8168502897024155,5.2287124544382095,
310,23.2972115166815,20.06385040283203,5.0351128578186035,15.028737545013428,25.098963260650635,
311,86.6999799715797,87.20972442626953,14.397383689880371,72.81234073638916,101.6071081161499,
312,20.2414832925387,19.96270751953125,7.567424774169922,12.395282745361328,27.530132293701172,
313,35.1988620280742,33.14260482788086,5.058522701263428,28.08408212661743,38.20112752914429,
314,25.5079477245984,25.0596866607666,5.148226261138916,19.911460399627686,30.207912921905518,
315,22.4849189433666,21.28192710876465,7.229259014129639,14.05266809463501,28.511186122894287,
316,37.2098743644569,34.27003479003906,5.586565971374512,28.68346881866455,39.856600761413574,
317,61.2572875686963,55.989532470703125,6.322890281677246,49.66664218902588,62.31242275238037,
318,6.90119031117459,6.956892013549805,6.000247955322266,0.9566440582275391,12.95713996887207,
319,14.5758786342633,14.987707138061523,8.157722473144531,6.829984664916992,23.145429611206055,
320,110.495171589952,111.06556701660156,20.114376068115234,90.95119094848633,131.1799430847168,
321,114.324657500947,111.84736633300781,18.360410690307617,93.4869556427002,130.20777702331543,
322,33.8998148893675,33.40986251831055,6.340229511260986,27.06963300704956,39.75009202957153,
323,8.27740958398636,8.52094841003418,3.9079160690307617,4.613032341003418,12.428864479064941,
324,9.5312544263663,9.249320983886719,5.213514804840088,4.035806179046631,14.462835788726807,
325,40.7023102382935,39.1737060546875,11.845864295959473,27.327841758728027,51.01957035064697,
326,51.5436984747363,47.63448715209961,9.758893013000488,37.87559413909912,57.3933801651001,
327,32.4608794242878,32.32500457763672,6.391968727111816,25.933035850524902,38.716973304748535,
328,113.30479396999,112.18370819091797,20.243057250976562,91.9406509399414,132.42676544189453,
329,15.7073612696517,15.874710083007812,7.23042631149292,8.644283771514893,23.105136394500732,
330,2.66248061613102,2.4712212085723877,5.774345397949219,-3.303124189376831,8.245566606521606,
331,34.0157445525504,33.734283447265625,4.912893772125244,28.82138967514038,38.64717721939087,
332,14.3652297940183,14.44023323059082,3.929492950439453,10.510740280151367,18.369726181030273,
333,168.063573519537,166.0301055908203,26.546104431152344,139.48400115966797,192.57621002197266,
334,38.202322510353,36.26047134399414,5.928114891052246,30.332356452941895,42.18858623504639,
335,42.0935131110724,40.24481201171875,10.45881175994873,29.78600025177002,50.70362377166748,
336,7.87197287877595,7.040950775146484,3.7592837810516357,3.2816669940948486,10.80023455619812,
337,57.382500532314,54.87953186035156,9.793201446533203,45.08633041381836,64.67273330688477,
338,12.0812979270344,12.323019027709961,7.395034313201904,4.927984714508057,19.718053340911865,
339,141.2050293627,138.03750610351562,23.88421058654785,114.15329551696777,161.92171669006348,
340,15.5347630337489,17.512441635131836,5.305285453796387,12.20715618133545,22.817727088928223,
341,12.7569984460955,12.920060157775879,7.1559576988220215,5.764102458953857,20.0760178565979,
342,11.7179312994716,11.14188003540039,4.219729423522949,6.922150611877441,15.36160945892334,
343,14.685449236794,14.681665420532227,3.8150057792663574,10.86665964126587,18.496671199798584,
344,9.42580010997758,10.9039945602417,2.679915189743042,8.224079370498657,13.583909749984741,
345,39.009987696581,37.85855484008789,4.966334819793701,32.89222002029419,42.82488965988159,
346,15.067357196177,17.006593704223633,5.692569255828857,11.314024448394775,22.69916296005249,
347,17.4479284747006,16.80646514892578,6.050894260406494,10.755570888519287,22.857359409332275,
348,5.52938333238658,6.853793144226074,3.0738868713378906,3.7799062728881836,9.927680015563965,
349,25.4155385194606,25.658884048461914,5.237168312072754,20.42171573638916,30.896052360534668,
350,74.5947098910527,69.16974639892578,14.356161117553711,54.81358528137207,83.52590751647949,
351,12.9049772802993,12.641758918762207,3.0695230960845947,9.572235822677612,15.711282014846802,
352,47.7826427866685,46.713802337646484,10.964917182922363,35.74888515472412,57.67871952056885,
353,14.2492932569168,14.553332328796387,6.764875411987305,7.788456916809082,21.31820774078369,
354,2.61057466269602,4.098313331604004,5.124753475189209,-1.026440143585205,9.223066806793213,
355,8.03816667586341,8.127561569213867,6.12921667098999,1.998344898223877,14.256778240203857,
356,141.458031457115,139.66500854492188,22.74606704711914,116.91894149780273,162.41107559204102,
357,10.6542469921382,11.501754760742188,6.414341926574707,5.0874128341674805,17.916096687316895,
358,86.1323580537992,85.30308532714844,14.639208793640137,70.6638765335083,99.94229412078857,
359,16.348014606132,16.072113037109375,2.9174225330352783,13.154690504074097,18.989535570144653,
360,19.6472413199565,20.183256149291992,7.850207805633545,12.333048343658447,28.033463954925537,
361,29.1614495742427,29.48920249938965,9.311763763427734,20.177438735961914,38.80096626281738,
362,16.7456361938037,18.02214241027832,6.462843894958496,11.559298515319824,24.484986305236816,
363,47.1521627022236,47.75493621826172,15.580010414123535,32.174925804138184,63.334946632385254,
364,62.8467674448025,57.4068717956543,8.788230895996094,48.6186408996582,66.19510269165039,
365,17.0684828746513,19.742263793945312,9.587970733642578,10.154293060302734,29.33023452758789,
366,21.2851752504661,22.412752151489258,4.1309309005737305,18.281821250915527,26.54368305206299,
367,29.025854468921,29.229385375976562,12.39557933807373,16.833806037902832,41.62496471405029,
368,46.0640147289609,44.74371337890625,9.134557723999023,35.60915565490723,53.87827110290527,
369,5.4318193928351,7.363897800445557,4.897756099700928,2.466141700744629,12.261653900146484,
370,131.878994123711,133.38780212402344,20.457307815551758,112.93049430847168,153.8451099395752,
371,6.32801685717942,7.1978864669799805,8.839879989624023,-1.641993522644043,16.037766456604004,
372,19.1777169757326,19.60092544555664,5.383758544921875,14.217166900634766,24.984683990478516,
373,28.6498479454705,28.604515075683594,5.197569847106934,23.40694522857666,33.80208492279053,
374,6.39167309862423,8.009298324584961,4.068477630615234,3.9408206939697266,12.077775955200195,
375,13.3368230013925,13.470582008361816,6.931750774383545,6.5388312339782715,20.40233278274536,
376,4.28906449186482,2.4821434020996094,7.777134895324707,-5.294991493225098,10.259278297424316,
377,55.7392975696487,50.18540573120117,9.941593170166016,40.243812561035156,60.12699890136719,
378,2.63927522607236,0.8985167145729065,3.0964531898498535,-2.197936475276947,3.99496990442276,
379,2.80177024404853,3.1501877307891846,2.110910177230835,1.0392775535583496,5.2610979080200195,
380,30.3742854691836,30.354825973510742,10.188457489013672,20.16636848449707,40.543283462524414,
381,3.27512679840989,2.61712646484375,3.9714016914367676,-1.3542752265930176,6.588528156280518,
382,76.6456360141843,87.7526626586914,12.436849594116211,75.3158130645752,100.18951225280762,
383,35.3513334121095,35.0352783203125,5.44239616394043,29.59288215637207,40.47767448425293,
384,73.8090848283408,71.96385192871094,10.278839111328125,61.68501281738281,82.24269104003906,
385,11.4781814185685,13.28141975402832,4.363930702209473,8.917489051818848,17.645350456237793,
386,13.3558857948199,12.937097549438477,4.575704097747803,8.361393451690674,17.51280164718628,
387,47.181444844884,45.08637619018555,6.761263370513916,38.32511281967163,51.84763956069946,
388,59.3345692459367,55.178016662597656,8.453272819519043,46.72474384307861,63.6312894821167,
389,91.2595808546832,93.04395294189453,13.981390953063965,79.06256198883057,107.0253438949585,
390,23.5225666196609,32.816837310791016,12.431180953979492,20.385656356811523,45.24801826477051,
391,9.64998397242924,9.396584510803223,3.1995203495025635,6.197064161300659,12.596104860305786,
392,2.0819449400244,2.7600913047790527,3.675238847732544,-0.9151475429534912,6.435330152511597,
393,19.8008009304934,20.72492218017578,11.898538589477539,8.826383590698242,32.62346076965332,
394,30.8090626274866,29.634611129760742,7.501680374145508,22.132930755615234,37.13629150390625,
395,10.5914778912546,11.308271408081055,12.071513175964355,-0.7632417678833008,23.37978458404541,
396,27.3405282498419,26.503742218017578,6.444477558135986,20.059264659881592,32.948219776153564,
397,83.0977810126038,81.9737548828125,13.461938858032227,68.51181602478027,95.43569374084473,
398,6.58673950732026,7.054859161376953,5.569393634796143,1.4854655265808105,12.624252796173096,
399,59.1550022763055,55.98786163330078,10.253170013427734,45.73469161987305,66.24103164672852,
400,38.3842722322327,37.328773498535156,10.606278419494629,26.722495079040527,47.935051918029785,
401,129.170823860494,128.3149871826172,18.47015380859375,109.84483337402344,146.78514099121094,
402,15.0180888992397,14.264351844787598,6.773990631103516,7.490361213684082,21.038342475891113,
403,12.1426233100169,11.971109390258789,3.4091196060180664,8.561989784240723,15.380228996276855,
404,2.33444344082005,6.480814456939697,3.714235305786133,2.7665791511535645,10.19504976272583,
405,54.4932394940478,49.18232727050781,10.285922050476074,38.89640522003174,59.46824932098389,
406,47.1580905928876,46.3449821472168,8.444360733032227,37.90062141418457,54.78934288024902,
407,104.227571460074,102.47901153564453,15.563162803649902,86.91584873199463,118.04217433929443,
408,122.953987007542,119.73214721679688,18.946880340576172,100.7852668762207,138.67902755737305,
409,9.52501549751821,11.287808418273926,3.452228546142578,7.835579872131348,14.740036964416504,
410,5.00001334566329,6.429652690887451,4.544635772705078,1.885016918182373,10.97428846359253,
411,28.7791862944397,26.412864685058594,6.652798652648926,19.760066032409668,33.06566333770752,
412,137.202743349124,136.057861328125,17.743614196777344,118.31424713134766,153.80147552490234,
413,39.2625415761236,38.28340148925781,10.612933158874512,27.6704683303833,48.896334648132324,
414,17.5838751728613,19.130952835083008,4.63529634475708,14.495656490325928,23.766249179840088,
415,2.40635431628695,1.3578431606292725,2.8768346309661865,-1.518991470336914,4.234677791595459,
416,6.67963938639744,7.24283504486084,5.565117835998535,1.6777172088623047,12.807952880859375,
417,11.4808916514972,11.900029182434082,6.362837791442871,5.537191390991211,18.262866973876953,
418,1.99994496044029,1.1004741191864014,4.223868370056152,-3.123394250869751,5.324342489242554,
419,28.9005949957759,28.707796096801758,8.28663444519043,20.421161651611328,36.99443054199219,
420,4.11193509170446,5.175783157348633,3.0341200828552246,2.141663074493408,8.209903240203857,
421,6.97055689219687,8.336905479431152,7.577847480773926,0.7590579986572266,15.914752960205078,
422,9.69091786999186,10.73739242553711,3.4558582305908203,7.281534194946289,14.19325065612793,
423,68.990251666048,64.37122344970703,9.386423110961914,54.98480033874512,73.75764656066895,
424,81.9080677821819,80.8071060180664,13.965662956237793,66.84144306182861,94.7727689743042,
425,64.2038209937571,58.742897033691406,10.246109008789062,48.496788024902344,68.98900604248047,
426,21.1802859141667,22.49119758605957,7.195914268493652,15.295283317565918,29.687111854553223,
427,62.058345642101,55.306976318359375,11.127856254577637,44.17912006378174,66.43483257293701,
428,29.7420039005637,29.582983016967773,4.031711101531982,25.55127191543579,33.614694118499756,
429,5.90981956860593,6.441529273986816,4.724002838134766,1.7175264358520508,11.165532112121582,
430,11.0836586466635,11.166383743286133,3.7498884201049805,7.416495323181152,14.916272163391113,
431,11.4127178055471,11.787674903869629,2.960456132888794,8.827218770980835,14.748131036758423,
432,167.00593954169,162.88897705078125,32.73421859741211,130.15475845336914,195.62319564819336,
433,66.94487400113,59.28668975830078,10.17100715637207,49.11568260192871,69.45769691467285,
434,59.9365396164432,58.1903076171875,9.081380844116211,49.10892677307129,67.27168846130371,
435,59.6216326010301,60.02138900756836,9.208097457885742,50.81329154968262,69.2294864654541,
436,27.8093904540556,27.930315017700195,7.707870960235596,20.2224440574646,35.63818597793579,
437,94.8833978722054,91.29484558105469,17.15000343322754,74.14484214782715,108.44484901428223,
438,60.357024374898,55.92155075073242,7.574036121368408,48.347514629364014,63.49558687210083,
439,113.011410332798,111.90739440917969,18.1159610748291,93.79143333435059,130.0233554840088,
440,19.3507056935671,19.486530303955078,3.8438830375671387,15.64264726638794,23.330413341522217,
441,28.8308410006026,30.572513580322266,14.777337074279785,15.79517650604248,45.34985065460205,
442,69.3463864590687,69.41370391845703,8.34693717956543,61.0667667388916,77.76064109802246,
443,37.072643396203,39.359519958496094,11.335708618164062,28.02381134033203,50.695228576660156,
444,31.1640610922144,29.697492599487305,6.874647617340088,22.822844982147217,36.57214021682739,
445,82.5327642918162,79.67784881591797,16.103599548339844,63.574249267578125,95.78144836425781,
446,9.10455068274092,10.866110801696777,5.7686991691589355,5.097411632537842,16.634809970855713,
447,3.80064646160928,4.607326507568359,2.39699125289917,2.2103352546691895,7.004317760467529,
448,18.4716696418558,17.94778060913086,3.4592642784118652,14.488516330718994,21.407044887542725,
449,11.4999171658211,12.174704551696777,4.7563796043396,7.418324947357178,16.931084156036377,
450,5.70675385950475,6.63653564453125,2.9465839862823486,3.6899516582489014,9.583119630813599,
451,33.5979252453552,32.93711853027344,4.746336936950684,28.190781593322754,37.68345546722412,
452,9.54591908711964,9.150303840637207,7.6977152824401855,1.4525885581970215,16.848019123077393,
453,7.98041838981256,9.051813125610352,3.139206647872925,5.912606477737427,12.191019773483276,
454,5.28037607427541,4.259030342102051,4.5423903465271,-0.28336000442504883,8.80142068862915,
455,35.7312262952898,36.14971923828125,11.782966613769531,24.36675262451172,47.93268585205078,
456,17.7676650684919,18.356399536132812,4.808741569519043,13.54765796661377,23.165141105651855,
457,98.7745890915895,98.61598205566406,13.604076385498047,85.01190567016602,112.22005844116211,
458,64.0583386439895,57.97071838378906,11.060462951660156,46.910255432128906,69.03118133544922,
459,60.2249458657261,59.355804443359375,10.0866060256958,49.269198417663574,69.44241046905518,
460,92.9162036456091,91.43729400634766,11.061091423034668,80.37620258331299,102.49838542938232,
461,85.6587789091243,86.22419738769531,13.12926959991455,73.09492778778076,99.35346698760986,
462,13.9549161140591,14.313499450683594,5.032033920288086,9.281465530395508,19.34553337097168,
463,3.98885996167456,4.4159698486328125,5.016671180725098,-0.6007013320922852,9.43264102935791,
464,117.196525294379,115.09828186035156,18.434593200683594,96.66368865966797,133.53287506103516,
465,8.53340287327157,8.16174602508545,3.0508251190185547,5.1109209060668945,11.212571144104004,
466,30.0794085553469,28.303659439086914,4.549435138702393,23.75422430038452,32.85309457778931,
467,11.107168546787,13.455260276794434,3.822781801223755,9.632478475570679,17.27804207801819,
468,20.3227461667418,20.793092727661133,4.158117294311523,16.63497543334961,24.951210021972656,
469,35.0186262074389,33.05657196044922,7.191180229187012,25.865391731262207,40.24775218963623,
470,17.0291721525472,18.137842178344727,6.08311653137207,12.054725646972656,24.220958709716797,
471,24.5193777945188,24.667037963867188,6.858377456665039,17.80866050720215,31.525415420532227,
472,32.4334542966044,30.025419235229492,10.25343132019043,19.771987915039062,40.27885055541992,
473,11.1813707638503,11.514501571655273,3.880836248397827,7.633665323257446,15.3953378200531,
474,29.9682674968576,25.916481018066406,6.8036417961120605,19.112839221954346,32.72012281417847,
475,6.23175889117205,5.8921284675598145,6.230670928955078,-0.33854246139526367,12.122799396514893,
476,21.3919677796586,20.72749137878418,4.823239326477051,15.904252052307129,25.55073070526123,
477,58.3142544887377,58.509979248046875,14.889660835266113,43.62031841278076,73.39964008331299,
478,22.3453154865276,23.741769790649414,6.424777984619141,17.316991806030273,30.166547775268555,
479,24.3378490142063,23.879804611206055,4.344963550567627,19.534841060638428,28.22476816177368,
480,27.1063478752698,30.724246978759766,12.235139846801758,18.489107131958008,42.95938682556152,
481,6.49670237501432,7.9284234046936035,4.884890079498291,3.0435333251953125,12.813313484191895,
482,17.1851458118198,16.17600440979004,3.2981576919555664,12.877846717834473,19.474162101745605,
483,1.34036149501028,-0.39472225308418274,2.322680711746216,-2.7174029648303986,1.927958458662033,
484,188.880868221587,175.16305541992188,30.7415828704834,144.42147254943848,205.90463829040527,
485,23.5706358236395,24.974573135375977,5.582684516906738,19.39188861846924,30.557257652282715,
486,107.43513942723,107.5624771118164,15.593013763427734,91.96946334838867,123.15549087524414,
487,13.8855707149097,14.758654594421387,4.120774269104004,10.637880325317383,18.87942886352539,
488,101.082448792892,100.36275482177734,13.846624374389648,86.5161304473877,114.20937919616699,
489,2.10818929387955,1.4831347465515137,2.715926170349121,-1.2327914237976074,4.199060916900635,
490,33.3251031978406,32.866798400878906,5.612462997436523,27.254335403442383,38.47926139831543,
491,5.54550342630007,7.182339668273926,3.7733800411224365,3.4089596271514893,10.955719709396362,
492,65.2053977811805,61.80325698852539,8.979476928710938,52.82378005981445,70.78273391723633,
493,34.5768176718758,31.98680305480957,8.7301664352417,23.25663661956787,40.71696949005127,
494,18.0320507375602,17.63776969909668,6.443596839904785,11.194172859191895,24.081366539001465,
495,127.760620393608,123.24081420898438,17.86710548400879,105.37370872497559,141.10791969299316,
496,62.0917018441966,57.537628173828125,7.838343143463135,49.69928503036499,65.37597131729126,
497,38.9409782246363,37.23809814453125,8.407499313354492,28.830598831176758,45.64559745788574,
498,4.46329938491383,4.5555267333984375,3.5522220134735107,1.0033047199249268,8.107748746871948,
499,125.261826855744,125.66986083984375,18.204063415527344,107.4657974243164,143.8739242553711,
500,4.32763020761838,5.277487277984619,2.6156210899353027,2.6618661880493164,7.893108367919922,
501,2.14010279442347,1.6520662307739258,3.282965660095215,-1.630899429321289,4.935031890869141,
502,65.3493434423424,63.80404281616211,7.422458648681641,56.38158416748047,71.22650146484375,
503,11.2004149774058,11.478690147399902,5.126099586486816,6.352590560913086,16.60478973388672,
504,63.9963060221111,58.163021087646484,9.995330810546875,48.16769027709961,68.15835189819336,
505,7.55001185953108,7.155646324157715,4.5099778175354,2.6456685066223145,11.665624141693115,
506,18.9657807558293,19.11962127685547,10.098221778869629,9.02139949798584,29.217843055725098,
507,16.0127772722179,15.859987258911133,3.673614025115967,12.186373233795166,19.5336012840271,
508,86.5331300635657,84.4060287475586,16.04936408996582,68.35666465759277,100.45539283752441,
509,2.88238805911661,7.192523956298828,4.032055854797363,3.160468101501465,11.224579811096191,
510,73.8537136719862,74.0968017578125,10.50068187713623,63.59611988067627,84.59748363494873,
511,54.6567217600099,49.862422943115234,8.254120826721191,41.60830211639404,58.116543769836426,
512,94.3004146663922,94.39471435546875,13.69028091430664,80.70443344116211,108.08499526977539,
513,94.8318644760644,98.43348693847656,9.764127731323242,88.66935920715332,108.1976146697998,
514,24.7778365877726,21.82084846496582,6.2612457275390625,15.559602737426758,28.082094192504883,
515,28.8042321965688,27.80735969543457,5.5832109451293945,22.224148750305176,33.390570640563965,
516,35.6894608486228,36.31725311279297,8.518113136291504,27.799139976501465,44.83536624908447,
517,39.690227763332,40.38129425048828,5.322171211242676,35.059123039245605,45.70346546173096,
518,13.2793704884719,16.261144638061523,4.843572616577148,11.417572021484375,21.104717254638672,
519,49.1553236060671,48.05885696411133,8.588244438171387,39.47061252593994,56.647101402282715,
520,46.7957120628024,42.9651985168457,10.769376754760742,32.19582176208496,53.734575271606445,
521,141.53450416177,143.0503387451172,29.51049041748047,113.53984832763672,172.56082916259766,
522,12.8019020101847,12.353649139404297,8.056079864501953,4.297569274902344,20.40972900390625,
523,17.5943638929253,17.892425537109375,5.141022682189941,12.751402854919434,23.033448219299316,
524,80.8185597073083,81.08831787109375,11.575828552246094,69.51248931884766,92.66414642333984,
525,62.1274403511567,60.3725471496582,9.091592788696289,51.280954360961914,69.46413993835449,
526,102.963033353793,102.28692626953125,15.69339370727539,86.59353256225586,117.98031997680664,
527,41.6759395573615,41.05379867553711,12.550941467285156,28.502857208251953,53.604740142822266,
528,15.0014260339096,17.56887435913086,5.314430236816406,12.254444122314453,22.883304595947266,
529,136.857271206558,134.79876708984375,23.720705032348633,111.07806205749512,158.51947212219238,
530,29.206145742223,25.57668113708496,6.210853099822998,19.365828037261963,31.78753423690796,
531,101.603296082195,103.09770202636719,15.227561950683594,87.8701400756836,118.32526397705078,
532,46.458217793967,42.10920333862305,9.426873207092285,32.68233013153076,51.53607654571533,
533,31.2477249803001,30.181446075439453,4.17450475692749,26.006941318511963,34.35595083236694,
534,57.4168163807503,53.783058166503906,10.387542724609375,43.39551544189453,64.17060089111328,
535,83.8636357739483,84.91265869140625,14.710058212280273,70.20260047912598,99.62271690368652,
536,43.8686873685091,40.41856384277344,6.085893154144287,34.33267068862915,46.504456996917725,
537,74.71553947266,72.46173858642578,13.990096092224121,58.47164249420166,86.4518346786499,
538,77.7693472631593,79.53192138671875,13.053522109985352,66.4783992767334,92.5854434967041,
539,65.1613042500508,65.00395965576172,11.414253234863281,53.58970642089844,76.418212890625,
540,1.34150673946167,-0.20814573764801025,3.318161725997925,-3.526307463645935,3.1100159883499146,
541,9.03067602427552,15.781518936157227,12.77996826171875,3.0015506744384766,28.561487197875977,
542,3.83823505828771,5.105517387390137,3.103001832962036,2.0025155544281006,8.208519220352173,
543,43.8601691992171,40.43052291870117,8.13465690612793,32.29586601257324,48.5651798248291,
544,63.3862213545089,57.355812072753906,8.65800666809082,48.697805404663086,66.01381874084473,
545,17.1741979930985,16.773677825927734,5.1831183433532715,11.590559482574463,21.956796169281006,
546,37.4641643328192,38.555789947509766,8.976390838623047,29.57939910888672,47.53218078613281,
547,9.08652172630355,7.938112735748291,6.4878249168396,1.4502878189086914,14.42593765258789,
548,14.535811731404,16.46197509765625,4.248256683349609,12.21371841430664,20.71023178100586,
549,22.8657860831232,22.710060119628906,3.9323081970214844,18.777751922607422,26.64236831665039,
550,6.26525481433281,7.733090400695801,4.450018882751465,3.283071517944336,12.183109283447266,
551,12.836709267326,13.335248947143555,5.437259674072266,7.897989273071289,18.77250862121582,
552,14.5443783602899,14.418689727783203,3.967925786972046,10.450763940811157,18.38661551475525,
553,59.0864348047882,56.67630386352539,9.492159843444824,47.184144020080566,66.16846370697021,
554,10.7538642505221,11.682454109191895,2.649198055267334,9.03325605392456,14.331652164459229,
555,16.4815183975966,18.064594268798828,7.408657073974609,10.655937194824219,25.473251342773438,
556,21.6526479869248,19.549970626831055,4.401815891265869,15.148154735565186,23.951786518096924,
557,101.455601780495,102.02332305908203,17.29737663269043,84.7259464263916,119.32069969177246,
558,3.48009277384054,2.592050075531006,10.882845878601074,-8.290795803070068,13.47489595413208,
559,3.84533209999725,4.098390579223633,4.909332275390625,-0.8109416961669922,9.007722854614258,
560,20.1829783114216,20.17125129699707,7.470113277435303,12.701138019561768,27.641364574432373,
561,31.3039253819051,31.314163208007812,11.207059860229492,20.10710334777832,42.521223068237305,
562,98.6036594076064,94.34900665283203,18.649059295654297,75.69994735717773,112.99806594848633,
563,26.4831538779706,26.879425048828125,6.555601119995117,20.323823928833008,33.43502616882324,
564,155.676392823034,152.21017456054688,23.043916702270508,129.16625785827637,175.25409126281738,
565,62.1050575177352,59.88091278076172,9.63786792755127,50.24304485321045,69.51878070831299,
566,2.93437158472424,2.7738282680511475,3.0326836109161377,-0.25885534286499023,5.806511878967285,
567,24.481315050905,22.415447235107422,7.062251091003418,15.353196144104004,29.47769832611084,
568,82.1042089003355,77.15052795410156,8.982657432556152,68.16787052154541,86.13318538665771,
569,68.6125175192979,68.22974395751953,11.11293888092041,57.11680507659912,79.34268283843994,
570,6.04373434275444,6.895700454711914,3.0281121730804443,3.8675882816314697,9.923812627792358,
571,53.6821573696978,53.54719924926758,5.945511817932129,47.60168743133545,59.49271106719971,
572,25.6272805562619,24.67391014099121,11.007896423339844,13.666013717651367,35.681806564331055,
573,60.4298028841529,57.02492904663086,10.931845664978027,46.09308338165283,67.95677471160889,
574,81.3268902545925,81.09640502929688,12.094863891601562,69.00154113769531,93.19126892089844,
575,65.1871006961381,59.10073471069336,7.9128289222717285,51.18790578842163,67.01356363296509,
576,1.65748552109093,0.41384515166282654,2.9573493003845215,-2.543504148721695,3.371194452047348,
577,47.3591184681061,45.33861541748047,11.396044731140137,33.94257068634033,56.734660148620605,
578,20.6775392680064,21.73347282409668,3.947794198989868,17.78567862510681,25.681267023086548,
579,15.0112877774982,14.525425910949707,6.8530707359313965,7.6723551750183105,21.378496646881104,
580,8.55882934161642,9.75167465209961,7.382596492767334,2.3690781593322754,17.134271144866943,
581,29.1011606311533,29.042598724365234,5.882866382598877,23.159732341766357,34.92546510696411,
582,65.2868824748601,63.07233428955078,9.416450500488281,53.6558837890625,72.48878479003906,
583,58.4588650909814,55.4571418762207,8.544620513916016,46.91252136230469,64.00176239013672,
584,62.6002183770336,63.60475540161133,11.310701370239258,52.29405403137207,74.91545677185059,
585,1.37404161957888,3.4279990196228027,3.0104727745056152,0.4175262451171875,6.438471794128418,
586,20.3431099873252,21.88994598388672,6.646279811859131,15.243666172027588,28.53622579574585,
587,46.3626779061442,44.30398941040039,7.284762859344482,37.01922655105591,51.58875226974487,
588,25.072076631153,24.922924041748047,5.715376853942871,19.207547187805176,30.638300895690918,
589,44.3830670503885,41.561073303222656,5.576503753662109,35.98456954956055,47.137577056884766,
590,59.7567985703516,58.347801208496094,9.731755256652832,48.61604595184326,68.07955646514893,
591,96.3274147245177,94.04573059082031,17.505695343017578,76.54003524780273,111.55142593383789,
592,7.49781985808163,8.369376182556152,3.2018020153045654,5.167574167251587,11.571178197860718,
593,6.12320533228476,5.643059730529785,3.6913421154022217,1.9517176151275635,9.334401845932007,
594,63.5875473505292,59.36619567871094,9.354430198669434,50.011765480041504,68.72062587738037,
595,47.126203502363,49.17368698120117,11.401813507080078,37.771873474121094,60.57550048828125,
596,24.6511450276946,22.914262771606445,3.5852341651916504,19.329028606414795,26.499496936798096,
597,33.9478830397213,36.05479431152344,11.482001304626465,24.572793006896973,47.5367956161499,
598,12.2460276857633,13.48913860321045,3.87431263923645,9.614825963973999,17.3634512424469,
599,135.266117913418,134.12490844726562,25.317569732666016,108.80733871459961,159.44247817993164,
