,,,,,,,,,,,,,
,,,,,,,Incerteza epistÃªmica,,,,,Incerteza preditiva,
,x1,x2,x3,x4,y,mean,2*std- MCDropout,Ulow,Uup,status,,2*RMSE,status
0,0.1,0.6,1,2,3.7,3.68656277656555,0.0808750912547112,3.60568768531084,3.76743786782026,0,0.00018055897362729,0.375440803924894,0
1,0.9,5.4,9,18,33.3,32.9996147155762,0.815590977668762,32.1840237379074,33.8152056932449,0,0.0902313190983824,0.375440803924894,0
2,0.3,1.8,3,6,11.1,10.9991140365601,0.243464529514313,10.7556495070457,11.2425785660744,0,0.0101779776192051,0.375440803924894,0
3,0.6,3.6,6,12,22.2,22.0155181884766,0.521114826202393,21.4944033622742,22.536633014679,0,0.0340335387829688,0.375440803924894,0
4,1,6,10,20,37,36.6976470947266,0.856881201267242,35.8407658934593,37.5545282959938,0,0.0914172793272883,0.375440803924894,0
5,0.6,3.6,6,12,22.2,22.021448135376,0.459868550300598,21.5615795850754,22.4813166856766,0,0.0318807683607153,0.375440803924894,0
6,0.9,5.4,9,18,33.3,33.0236549377441,0.752429068088532,32.2712258696556,33.7760840058327,0,0.0763665934331932,0.375440803924894,0
7,0.9,5.4,9,18,33.3,33.015510559082,0.802558422088623,32.2129521369934,33.8180689811707,0,0.0809342419938168,0.375440803924894,0
8,0.1,0.6,1,2,3.7,3.69009447097778,0.0905706882476807,3.5995237827301,3.78066515922546,0,9.81195052099828E-05,0.375440803924894,0
9,0.3,1.8,3,6,11.1,10.9937047958374,0.24030427634716,10.7534005194902,11.2340090721846,0,0.0112986704279682,0.375440803924894,0
10,0.5,3,5,10,18.5,18.3300094604492,0.452533066272736,17.8774763941765,18.782542526722,0,0.0288967835367657,0.375440803924894,0
11,0.1,0.6,1,2,3.7,3.69024324417114,0.0775033906102181,3.61273985356092,3.76774663478136,0,9.51942843039467E-05,0.375440803924894,0
12,1,6,10,20,37,36.679801940918,0.874394118785858,35.8054078221321,37.5541960597038,0,0.1025267970399,0.375440803924894,0
13,0.1,0.6,1,2,3.7,3.68768310546875,0.0828358232975006,3.60484728217125,3.77051892876625,0,0.000151705890893941,0.375440803924894,0
14,1,6,10,20,37,36.6740379333496,0.858763575553894,35.8152743577957,37.5328015089035,0,0.106251268894994,0.375440803924894,0
15,0.2,1.2,2,4,7.4,7.33534002304077,0.154264450073242,7.18107557296753,7.48960447311401,0,0.00418091262036801,0.375440803924894,0
16,0.2,1.2,2,4,7.4,7.33190965652466,0.159842386841774,7.17206726968288,7.49175204336643,0,0.00463629487459007,0.375440803924894,0
17,0.3,1.8,3,6,11.1,10.9931201934814,0.263109922409058,10.7300102710724,11.2562301158905,0,0.0114232930414436,0.375440803924894,0
18,0.8,4.8,8,16,29.6,29.3637409210205,0.629822850227356,28.7339180707932,29.9935637712479,0,0.0558183524002386,0.375440803924894,0
19,0.6,3.6,6,12,22.2,22.0068416595459,0.496899902820587,21.5099417567253,22.5037415623665,0,0.0373101444869823,0.375440803924894,0
20,0.7,4.2,7,14,25.9,25.6912994384766,0.581784725189209,25.1095147132874,26.2730841636658,0,0.0435559243801975,0.375440803924894,0
21,1,6,10,20,37,36.7019309997559,0.793111860752106,35.9088191390038,37.495042860508,0,0.0888451289065415,0.375440803924894,0
22,0.8,4.8,8,16,29.6,29.3415431976318,0.675509512424469,28.6660336852074,30.0170527100563,0,0.0667999186903769,0.375440803924894,0
23,0.2,1.2,2,4,7.4,7.33183526992798,0.160110533237457,7.17172473669052,7.49194580316544,0,0.0046464304257916,0.375440803924894,0
24,0.6,3.6,6,12,22.2,22.0295448303223,0.494802087545395,21.5347427427769,22.5243469178677,0,0.029054964869865,0.375440803924894,0
25,0.4,2.4,4,8,14.8,14.6709461212158,0.337794005870819,14.333152115345,15.0087401270866,0,0.0166549036292419,0.375440803924894,0
26,0.7,4.2,7,14,25.9,25.6744709014893,0.625020027160645,25.0494508743286,26.2994909286499,0,0.0508633742750674,0.375440803924894,0
27,0.1,0.6,1,2,3.7,3.68728017807007,0.0798493623733521,3.60743081569672,3.76712954044342,0,0.000161793869929174,0.375440803924894,0
28,0.4,2.4,4,8,14.8,14.6664686203003,0.325630456209183,14.3408381640911,14.9920990765095,0,0.0178306293645075,0.375440803924894,0
29,0.7,4.2,7,14,25.9,25.68630027771,0.589167416095734,25.0971328616142,26.2754676938057,0,0.0456675713068392,0.375440803924894,0
30,0.3,1.8,3,6,11.1,10.9919567108154,0.244894862174988,10.7470618486404,11.2368515729904,0,0.0116733523378206,0.375440803924894,0
31,0.9,5.4,9,18,33.3,33.0268859863281,0.762705147266388,32.2641808390617,33.7895911335945,0,0.0745912644639596,0.375440803924894,0
32,0.3,1.8,3,6,11.1,11.0021820068359,0.236787334084511,10.7653946727514,11.2389693409204,0,0.00956835978664451,0.375440803924894,0
33,0.2,1.2,2,4,7.4,7.33768177032471,0.151843652129173,7.18583811819553,7.48952542245388,0,0.00388356174986261,0.375440803924894,0
34,0.7,4.2,7,14,25.9,25.6727504730225,0.619049310684204,25.0537011623383,26.2917997837067,0,0.0516423475115146,0.375440803924894,0
35,0.7,4.2,7,14,25.9,25.6948375701904,0.548727333545685,25.1461102366447,26.2435649037361,0,0.0420916226053663,0.375440803924894,0
36,0.8,4.8,8,16,29.6,29.3485851287842,0.714840412139893,28.6337447166443,30.0634255409241,0,0.0632094374684682,0.375440803924894,0
37,0.2,1.2,2,4,7.4,7.3280987739563,0.16057388484478,7.16752488911152,7.48867265880108,0,0.00516978630658746,0.375440803924894,0
38,0.3,1.8,3,6,11.1,10.9983777999878,0.24582727253437,10.7525505274534,11.2442050725222,0,0.0103270715353209,0.375440803924894,0
39,0.7,4.2,7,14,25.9,25.6814632415771,0.560481488704681,25.1209817528725,26.2419447302818,0,0.0477583147819672,0.375440803924894,0
40,0.1,0.6,1,2,3.7,3.68652057647705,0.0901007577776909,3.59641981869936,3.77662133425474,0,0.000181694858511042,0.375440803924894,0
41,1,6,10,20,37,36.7067985534668,0.816091656684876,35.8907068967819,37.5228902101517,0,0.0859670882491628,0.375440803924894,0
42,0.1,0.6,1,2,3.7,3.68795228004456,0.0793649330735207,3.60858734697103,3.76731721311808,0,0.000145147556124816,0.375440803924894,0
43,0.4,2.4,4,8,14.8,14.6718683242798,0.323309868574142,14.3485584557056,14.9951781928539,0,0.0164177263228705,0.375440803924894,0
44,0.6,3.6,6,12,22.2,22.0097389221191,0.485003054141998,21.5247358679771,22.4947419762611,0,0.0361992777563862,0.375440803924894,0
45,0.3,1.8,3,6,11.1,10.9958276748657,0.268373519182205,10.7274541556835,11.2642011940479,0,0.0108518733238815,0.375440803924894,0
46,0.6,3.6,6,12,22.2,22.0090961456299,0.496078372001648,21.5130177736282,22.5051745176315,0,0.0364442816133666,0.375440803924894,0
47,0.6,3.6,6,12,22.2,22.0202102661133,0.456781834363937,21.5634284317493,22.4769921004772,0,0.0323243484110569,0.375440803924894,0
48,0.7,4.2,7,14,25.9,25.6766834259033,0.611082136631012,25.0656012892723,26.2877655625343,0,0.0498702922662772,0.375440803924894,0
49,0.9,5.4,9,18,33.3,33.0568161010742,0.680073738098145,32.3767423629761,33.7368898391724,0,0.0591384086967432,0.375440803924894,0
50,0.6,3.6,6,12,22.2,22.0132694244385,0.511963903903961,21.5013055205345,22.5252333283424,0,0.0348683078495375,0.375440803924894,0
51,0.9,5.4,9,18,33.3,33.0395927429199,0.721566200256348,32.3180265426636,33.7611589431763,0,0.0678119395399684,0.375440803924894,0
52,0.9,5.4,9,18,33.3,33.0328407287598,0.78121954202652,32.2516211867332,33.8140602707863,0,0.0713740762096116,0.375440803924894,0
53,0.1,0.6,1,2,3.7,3.68931126594543,0.0852157920598984,3.60409547388554,3.77452705800533,0,0.000114249035689231,0.375440803924894,0
54,0.7,4.2,7,14,25.9,25.7069263458252,0.54060423374176,25.1663221120834,26.247530579567,0,0.0372774359364115,0.375440803924894,0
55,0.7,4.2,7,14,25.9,25.6876392364502,0.556893169879913,25.1307460665703,26.2445324063301,0,0.0450970938954555,0.375440803924894,0
56,0.9,5.4,9,18,33.3,33.0410766601562,0.689525187015533,32.3515514731407,33.7306018471718,0,0.0670412959158406,0.375440803924894,0
57,0.6,3.6,6,12,22.2,22.0226192474365,0.489107400178909,21.5335118472576,22.5117266476154,0,0.031463931379985,0.375440803924894,0
58,0.2,1.2,2,4,7.4,7.33672142028809,0.143197491765022,7.19352392852306,7.47991891205311,0,0.00400417865035711,0.375440803924894,0
59,0.9,5.4,9,18,33.3,33.0264587402344,0.751148402690887,32.2753103375435,33.7776071429253,0,0.0748248207941636,0.375440803924894,0
60,0.1,0.6,1,2,3.7,3.68681740760803,0.0787129029631615,3.60810450464487,3.76553031057119,0,0.000173780742172771,0.375440803924894,0
61,0.5,3,5,10,18.5,18.3312568664551,0.437632828950882,17.8936240375042,18.768889695406,0,0.0284742451185593,0.375440803924894,0
62,0.1,0.6,1,2,3.7,3.68772411346436,0.0833757445216179,3.60434836894274,3.77109985798597,0,0.000150697390236023,0.375440803924894,0
63,0.2,1.2,2,4,7.4,7.33074283599854,0.154461726546288,7.17628110945225,7.48520456254482,0,0.00479655476552585,0.375440803924894,0
64,0.5,3,5,10,18.5,18.3448734283447,0.40181490778923,17.9430585205555,18.746688336134,0,0.0240642532335187,0.375440803924894,0
65,0.3,1.8,3,6,11.1,11.0027980804443,0.225403383374214,10.7773946970701,11.2282014638186,0,0.00944821316530572,0.375440803924894,0
66,0.2,1.2,2,4,7.4,7.33249950408936,0.155099123716354,7.177400380373,7.48759862780571,0,0.00455631694818299,0.375440803924894,0
67,0.4,2.4,4,8,14.8,14.6690244674683,0.327099621295929,14.3419248461723,14.9961240887642,0,0.0171545901219726,0.375440803924894,0
68,0.7,4.2,7,14,25.9,25.6852779388428,0.594000637531281,25.0912773013115,26.2792785763741,0,0.0461055635476071,0.375440803924894,0
69,0.5,3,5,10,18.5,18.3404388427734,0.412851870059967,17.9275869727135,18.7532907128334,0,0.0254597628954798,0.375440803924894,0
70,0.8,4.8,8,16,29.6,29.3425369262695,0.703945279121399,28.6385916471481,30.0464822053909,0,0.0662872343347415,0.375440803924894,0
71,1,6,10,20,37,36.6855583190918,0.881879866123199,35.8036784529686,37.567438185215,0,0.0988735706923762,0.375440803924894,0
72,0.2,1.2,2,4,7.4,7.33408308029175,0.160615876317024,7.17346720397472,7.49469895660877,0,0.00434504030382418,0.375440803924894,0
73,0.2,1.2,2,4,7.4,7.32742738723755,0.170278191566467,7.15714919567108,7.49770557880402,0,0.00526678412316874,0.375440803924894,0
74,0.9,5.4,9,18,33.3,33.0257949829102,0.789548456668854,32.2362465262413,33.815343439579,0,0.0751883913972399,0.375440803924894,0
75,0.5,3,5,10,18.5,18.339448928833,0.406526684761047,17.932922244072,18.7459756135941,0,0.0257766464528686,0.375440803924894,0
76,0.7,4.2,7,14,25.9,25.6844921112061,0.584175884723663,25.1003162264824,26.2686679959297,0,0.0464436501324229,0.375440803924894,0
77,1,6,10,20,37,36.6930770874023,0.898354411125183,35.7947226762772,37.5914314985275,0,0.0942016742774285,0.375440803924894,0
78,0.7,4.2,7,14,25.9,25.6828536987305,0.591372609138489,25.091481089592,26.274226307869,0,0.0471525161550374,0.375440803924894,0
79,0.6,3.6,6,12,22.2,22.0024490356445,0.522125840187073,21.4803231954575,22.5245748758316,0,0.0390263835177754,0.375440803924894,0
80,0.4,2.4,4,8,14.8,14.6719150543213,0.31273552775383,14.3591795265675,14.9846505820751,0,0.0164057533095185,0.375440803924894,0
81,0.5,3,5,10,18.5,18.3336448669434,0.430715054273605,17.9029298126698,18.764359921217,0,0.0276740302942926,0.375440803924894,0
82,0.6,3.6,6,12,22.2,22.0170974731445,0.503823518753052,21.5132739543915,22.5209209918976,0,0.0334533343301152,0.375440803924894,0
83,0.1,0.6,1,2,3.7,3.6892101764679,0.0829379856586456,3.60627219080925,3.77214816212654,0,0.00011642029185396,0.375440803924894,0
84,1,6,10,20,37,36.6854782104492,0.903240084648132,35.7822381258011,37.5887182950974,0,0.0989239561022259,0.375440803924894,0
85,0.3,1.8,3,6,11.1,11.0002479553223,0.230581715703011,10.7696662396193,11.2308296710253,0,0.00995047041738864,0.375440803924894,0
86,0.4,2.4,4,8,14.8,14.6776371002197,0.315269380807877,14.3623677194119,14.9929064810276,0,0.0149726792426374,0.375440803924894,0
87,0.4,2.4,4,8,14.8,14.6723108291626,0.310159415006638,14.362151414156,14.9824702441692,0,0.0163045243491435,0.375440803924894,0
88,0.2,1.2,2,4,7.4,7.3352222442627,0.170510694384575,7.16471154987812,7.50573293864727,0,0.00419615763836196,0.375440803924894,0
89,0.1,0.6,1,2,3.7,3.68789339065552,0.0841585025191307,3.60373488813639,3.77205189317465,0,0.000146569989819913,0.375440803924894,0
90,0.5,3,5,10,18.5,18.3423194885254,0.402127623558044,17.9401918649673,18.7444471120834,0,0.0248631436988944,0.375440803924894,0
91,0.4,2.4,4,8,14.8,14.668872833252,0.31833004951477,14.3505427837372,14.9872028827667,0,0.0171943338593703,0.375440803924894,0
92,0.4,2.4,4,8,14.8,14.6656808853149,0.337035417556763,14.3286454677582,15.0027163028717,0,0.0180416245697781,0.375440803924894,0
93,0.6,3.6,6,12,22.2,22.0081806182861,0.578769207000732,21.4294114112854,22.5869498252869,0,0.03679467520109,0.375440803924894,0
94,0.1,0.6,1,2,3.7,3.686763048172,0.0774092450737953,3.6093538030982,3.76417229324579,0,0.000175216893696875,0.375440803924894,0
95,0.9,5.4,9,18,33.3,33.0002746582031,0.832483887672424,32.1677907705307,33.8327585458755,0,0.0898352805152518,0.375440803924894,0
96,0.6,3.6,6,12,22.2,22.0143127441406,0.508567631244659,21.505745112896,22.5228803753853,0,0.0344797569885847,0.375440803924894,0
97,0.2,1.2,2,4,7.4,7.33185195922852,0.15452829003334,7.17732366919518,7.48638024926186,0,0.00464415546099194,0.375440803924894,0
98,0.7,4.2,7,14,25.9,25.6796722412109,0.607720732688904,25.071951508522,26.2873929738998,0,0.0485443212930107,0.375440803924894,0
99,0.6,3.6,6,12,22.2,22.0011501312256,0.496795237064362,21.5043548941612,22.4979453682899,0,0.0395412703116014,0.375440803924894,0
100,0.3,1.8,3,6,11.1,10.9967880249023,0.25080680847168,10.7459812164307,11.247594833374,0,0.0106527118035591,0.375440803924894,0
101,0.7,4.2,7,14,25.9,25.68284034729,0.593559384346008,25.089280962944,26.276399731636,0,0.0471583147651102,0.375440803924894,0
102,1,6,10,20,37,36.709285736084,0.81935578584671,35.8899299502373,37.5286415219307,0,0.0845147832442308,0.375440803924894,0
103,1,6,10,20,37,36.7050743103027,0.796847939491272,35.9082263708115,37.501922249794,0,0.0869811624434078,0.375440803924894,0
104,0.1,0.6,1,2,3.7,3.69224977493286,0.0851686745882034,3.60708110034466,3.77741844952106,0,6.00659885913074E-05,0.375440803924894,0
105,0.6,3.6,6,12,22.2,22.0014553070068,0.525955259799957,21.4755000472069,22.5274105668068,0,0.0394199951157495,0.375440803924894,0
106,0.7,4.2,7,14,25.9,25.6866493225098,0.588827788829803,25.09782153368,26.2754771113396,0,0.0455185115855414,0.375440803924894,0
107,0.5,3,5,10,18.5,18.3325119018555,0.415400624275208,17.9171112775803,18.7479125261307,0,0.0280522630200721,0.375440803924894,0
108,0.9,5.4,9,18,33.3,33.021900177002,0.754942357540131,32.2669578194618,33.7768425345421,0,0.0773395115515434,0.375440803924894,0
109,0.5,3,5,10,18.5,18.3389015197754,0.401380449533463,17.9375210702419,18.7402819693089,0,0.0259527203306789,0.375440803924894,0
110,0.9,5.4,9,18,33.3,33.0407104492187,0.787880778312683,32.2528296709061,33.8285912275314,0,0.067231071144341,0.375440803924894,0
111,0.3,1.8,3,6,11.1,10.9993438720703,0.22585329413414,10.7734905779362,11.2251971662045,0,0.0101316560897975,0.375440803924894,0
112,0.4,2.4,4,8,14.8,14.6718015670776,0.311868757009506,14.3599328100681,14.9836703240871,0,0.0164348382037499,0.375440803924894,0
113,0.2,1.2,2,4,7.4,7.33228063583374,0.158330276608467,7.17395035922527,7.49061091244221,0,0.00458591228308256,0.375440803924894,0
114,0.3,1.8,3,6,11.1,10.9942274093628,0.263720154762268,10.7305072546005,11.2579475641251,0,0.0111878409301061,0.375440803924894,0
115,0.8,4.8,8,16,29.6,29.357759475708,0.680744528770447,28.6770149469376,30.0385040044785,0,0.0586804716092599,0.375440803924894,0
116,0.1,0.6,1,2,3.7,3.68764638900757,0.0854921266436577,3.60215426236391,3.77313851565123,0,0.000152611704552332,0.375440803924894,0
117,1,6,10,20,37,36.7014541625977,0.865287244319916,35.8361669182777,37.5667414069176,0,0.0891296170302667,0.375440803924894,0
118,0.9,5.4,9,18,33.3,33.0268096923828,0.730450749397278,32.2963589429855,33.7572604417801,0,0.074632944175972,0.375440803924894,0
119,0.2,1.2,2,4,7.4,7.33392333984375,0.157241895794868,7.17668144404888,7.49116523563862,0,0.0043661250174046,0.375440803924894,0
120,0.3,1.8,3,6,11.1,10.994441986084,0.240453034639359,10.7539889514446,11.2348950207233,0,0.0111424943018937,0.375440803924894,0
121,0.8,4.8,8,16,29.6,29.3609981536865,0.690569162368774,28.6704289913177,30.0515673160553,0,0.0571218825412513,0.375440803924894,0
122,0.2,1.2,2,4,7.4,7.33420038223267,0.161268785595894,7.17293159663677,7.49546916782856,0,0.0043295896983273,0.375440803924894,0
123,0.1,0.6,1,2,3.7,3.68849015235901,0.0831393375992775,3.60535081475973,3.77162948995829,0,0.000132476592718835,0.375440803924894,0
124,0.4,2.4,4,8,14.8,14.6719417572021,0.314664572477341,14.3572771847248,14.9866063296795,0,0.0163989135484737,0.375440803924894,0
125,0.7,4.2,7,14,25.9,25.6934051513672,0.554637908935547,25.1387672424316,26.2480430603027,0,0.0426814314816141,0.375440803924894,0
126,0.6,3.6,6,12,22.2,22.0200996398926,0.496091365814209,21.5240082740784,22.5161910057068,0,0.0323641395667798,0.375440803924894,0
127,1,6,10,20,37,36.7104873657227,0.86180192232132,35.8486854434013,37.572289288044,0,0.083817565406207,0.375440803924894,0
128,0.4,2.4,4,8,14.8,14.6677169799805,0.329875737428665,14.3378412425518,14.9975927174091,0,0.0174987973854879,0.375440803924894,0
129,0.8,4.8,8,16,29.6,29.3608150482178,0.643785059452057,28.7170299887657,30.0046001076698,0,0.0572094411590667,0.375440803924894,0
130,0.2,1.2,2,4,7.4,7.33297681808472,0.154075548052788,7.17890127003193,7.4870523661375,0,0.00449210691404919,0.375440803924894,0
131,0.3,1.8,3,6,11.1,11.0066823959351,0.211626559495926,10.7950558364391,11.218308955431,0,0.0087081752284211,0.375440803924894,0
132,0.6,3.6,6,12,22.2,22.0241737365723,0.472684860229492,21.5514888763428,22.4968585968018,0,0.0309148749109588,0.375440803924894,0
133,0.5,3,5,10,18.5,18.3403511047363,0.398385345935822,17.9419657588005,18.7387364506721,0,0.0254877697589109,0.375440803924894,0
134,0.4,2.4,4,8,14.8,14.6728734970093,0.306981414556503,14.3658920824528,14.9798549115658,0,0.0161611477626504,0.375440803924894,0
135,0.3,1.8,3,6,11.1,10.994945526123,0.234042271971703,10.7609032541513,11.2289877980948,0,0.0110364424815634,0.375440803924894,0
136,0.3,1.8,3,6,11.1,10.9986753463745,0.25022953748703,10.7484458088875,11.2489048838615,0,0.0102666854323251,0.375440803924894,0
137,0.9,5.4,9,18,33.3,33.0631256103516,0.673071384429932,32.3900542259216,33.7361969947815,0,0.0561094764713184,0.375440803924894,0
138,0.1,0.6,1,2,3.7,3.68794894218445,0.0764462500810623,3.61150269210339,3.76439519226551,0,0.000145227994473775,0.375440803924894,0
139,0.2,1.2,2,4,7.4,7.3296685218811,0.156787022948265,7.17288149893284,7.48645554482937,0,0.00494651681438887,0.375440803924894,0
140,1,6,10,20,37,36.70556640625,0.817263782024384,35.8883026242256,37.5228301882744,0,0.08669114112854,0.375440803924894,0
141,0.8,4.8,8,16,29.6,29.371618270874,0.613855242729187,28.7577630281448,29.9854735136032,0,0.0521582141985716,0.375440803924894,0
142,0.2,1.2,2,4,7.4,7.3318042755127,0.160674408078194,7.1711298674345,7.49247868359089,0,0.00465065683834842,0.375440803924894,0
143,0.1,0.6,1,2,3.7,3.68689489364624,0.0742095336318016,3.61268536001444,3.76110442727804,0,0.000171743812543359,0.375440803924894,0
144,0.8,4.8,8,16,29.6,29.3575649261475,0.646225452423096,28.7113394737244,30.0037903785706,0,0.0587747650338868,0.375440803924894,0
145,0.8,4.8,8,16,29.6,29.3507308959961,0.639965534210205,28.7107653617859,29.9906964302063,0,0.0621350862109109,0.375440803924894,0
146,0.5,3,5,10,18.5,18.345251083374,0.406747460365295,17.9385036230087,18.7519985437393,0,0.0239472271969134,0.375440803924894,0
147,0.7,4.2,7,14,25.9,25.6795825958252,0.614654242992401,25.0649283528328,26.2942368388176,0,0.0485838320631586,0.375440803924894,0
148,0.6,3.6,6,12,22.2,21.9988956451416,0.601290166378021,21.3976054787636,22.6001858115196,0,0.0404429615430124,0.375440803924894,0
149,0.4,2.4,4,8,14.8,14.6763648986816,0.312265425920486,14.3640994727612,14.9886303246021,0,0.0152856382780012,0.375440803924894,0
150,0.7,4.2,7,14,25.9,25.6705169677734,0.587049067020416,25.083467900753,26.2575660347939,0,0.0526624620798969,0.375440803924894,0
151,0.4,2.4,4,8,14.8,14.6780576705933,0.295805424451828,14.3822522461414,14.9738630950451,0,0.0148699317011416,0.375440803924894,0
152,0.3,1.8,3,6,11.1,10.9954118728638,0.236175611615181,10.7592362612486,11.231587484479,0,0.0109386763378642,0.375440803924894,0
153,0.3,1.8,3,6,11.1,11.0027275085449,0.233736634254456,10.7689908742905,11.2364641427994,0,0.00946193759387818,0.375440803924894,0
154,0.2,1.2,2,4,7.4,7.33536958694458,0.15163454413414,7.18373504281044,7.48700413107872,0,0.00417709029171424,0.375440803924894,0
155,0.9,5.4,9,18,33.3,33.0327491760254,0.758441030979157,32.2743081450462,33.7911902070045,0,0.0714230029151061,0.375440803924894,0
156,0.3,1.8,3,6,11.1,10.9970636367798,0.241234257817268,10.7558293789625,11.2382978945971,0,0.0105958948730039,0.375440803924894,0
157,0.9,5.4,9,18,33.3,33.0151176452637,0.798328280448914,32.2167893648148,33.8134459257126,0,0.0811579560401135,0.375440803924894,0
158,0.7,4.2,7,14,25.9,25.6690196990967,0.613701343536377,25.0553183555603,26.2827210426331,0,0.0533518994053877,0.375440803924894,0
159,0.7,4.2,7,14,25.9,25.691463470459,0.556108951568604,25.1353545188904,26.2475724220276,0,0.0434874841530103,0.375440803924894,0
160,0.7,4.2,7,14,25.9,25.6747894287109,0.605741202831268,25.0690482258797,26.2805306315422,0,0.0507198014203453,0.375440803924894,0
161,0.4,2.4,4,8,14.8,14.6761531829834,0.319548070430756,14.3566051125526,14.9957012534142,0,0.0153380340851438,0.375440803924894,0
162,0.5,3,5,10,18.5,18.3434238433838,0.396691471338272,17.9467323720455,18.7401153147221,0,0.0245160928207042,0.375440803924894,0
163,0.2,1.2,2,4,7.4,7.33347463607788,0.152258113026619,7.18121652305126,7.4857327491045,0,0.00442562404497044,0.375440803924894,0
164,1,6,10,20,37,36.7057342529297,0.830048441886902,35.8756858110428,37.5357826948166,0,0.0865923298988491,0.375440803924894,0
165,0.7,4.2,7,14,25.9,25.6896457672119,0.565203309059143,25.1244424581528,26.2548490762711,0,0.0442489032518637,0.375440803924894,0
166,0.9,5.4,9,18,33.3,33.0207023620605,0.762318015098572,32.258384346962,33.7830203771591,0,0.0780071705585563,0.375440803924894,0
167,0.1,0.6,1,2,3.7,3.68873906135559,0.0965665951371193,3.59217246621847,3.78530565649271,0,0.000126808739153152,0.375440803924894,0
168,0.4,2.4,4,8,14.8,14.6651906967163,0.31851926445961,14.3466714322567,14.9837099611759,0,0.0181735482518345,0.375440803924894,0
169,1,6,10,20,37,36.680248260498,0.891920626163483,35.7883276343346,37.5721688866615,0,0.102241174914525,0.375440803924894,0
170,0.2,1.2,2,4,7.4,7.33310508728027,0.159027874469757,7.17407721281052,7.49213296175003,0,0.00447492934777988,0.375440803924894,0
171,1,6,10,20,37,36.7179641723633,0.797383666038513,35.9205805063248,37.5153478384018,0,0.0795442080707289,0.375440803924894,0
172,0.6,3.6,6,12,22.2,22.0108699798584,0.516326129436493,21.4945438504219,22.5271961092949,0,0.0357701645187623,0.375440803924894,0
173,0.5,3,5,10,18.5,18.3265933990479,0.46055668592453,17.8660367131233,18.7871500849724,0,0.0300698492537776,0.375440803924894,0
174,0.4,2.4,4,8,14.8,14.6765184402466,0.305803835391998,14.3707146048546,14.9823222756386,0,0.0152476955991371,0.375440803924894,0
175,1,6,10,20,37,36.6852874755859,0.860335648059845,35.8249518275261,37.5456231236458,0,0.0990439730230719,0.375440803924894,0
176,0.7,4.2,7,14,25.9,25.6772079467773,0.590242564678192,25.0869653820992,26.2674505114555,0,0.0496362989791663,0.375440803924894,0
177,0.8,4.8,8,16,29.6,29.341100692749,0.801365494728088,28.5397351980209,30.1424661874771,0,0.0670288512950363,0.375440803924894,0
178,1,6,10,20,37,36.7035026550293,0.827225804328918,35.8762768507004,37.5307284593582,0,0.0879106755746761,0.375440803924894,0
179,0.8,4.8,8,16,29.6,29.3616485595703,0.637759506702423,28.7238890528679,29.9994080662727,0,0.0568114091549075,0.375440803924894,0
180,0.9,5.4,9,18,33.3,33.043025970459,0.717723190784454,32.3253027796745,33.7607491612434,0,0.0660356518585453,0.375440803924894,0
181,0.4,2.4,4,8,14.8,14.6727952957153,0.324181348085403,14.3486139476299,14.9969766438007,0,0.01618103679215,0.375440803924894,0
182,1,6,10,20,37,36.6973190307617,0.829185247421265,35.8681337833405,37.526504278183,0,0.0916157691390254,0.375440803924894,0
183,1,6,10,20,37,36.7034454345703,0.83515328168869,35.8682921528816,37.538598716259,0,0.0879446102771908,0.375440803924894,0
184,0.7,4.2,7,14,25.9,25.6776275634766,0.628445744514465,25.0491818189621,26.306073307991,0,0.0494495005253696,0.375440803924894,0
185,1,6,10,20,37,36.7069854736328,0.837990880012512,35.8689945936203,37.5449763536453,0,0.0858575126621872,0.375440803924894,0
186,0.2,1.2,2,4,7.4,7.32978343963623,0.15699078142643,7.1727926582098,7.48677422106266,0,0.00493036534931894,0.375440803924894,0
187,0.3,1.8,3,6,11.1,10.9983673095703,0.231679633259773,10.7666876763105,11.2300469428301,0,0.0103292037639766,0.375440803924894,0
188,0.2,1.2,2,4,7.4,7.33289861679077,0.153858229517937,7.17904038727284,7.48675684630871,0,0.00450259562859178,0.375440803924894,0
189,0.3,1.8,3,6,11.1,11.0015935897827,0.223071724176407,10.7785218656063,11.2246653139591,0,0.00968382157185254,0.375440803924894,0
190,0.6,3.6,6,12,22.2,22.0108699798584,0.512576282024384,21.498293697834,22.5234462618828,0,0.0357701645187623,0.375440803924894,0
191,0.2,1.2,2,4,7.4,7.32527589797974,0.171520486474037,7.1537554115057,7.49679638445377,0,0.00558369142273483,0.375440803924894,0
192,0.6,3.6,6,12,22.2,22.0019950866699,0.527446508407593,21.4745485782623,22.5294415950775,0,0.0392059457028515,0.375440803924894,0
193,0.8,4.8,8,16,29.6,29.3443470001221,0.738523900508881,28.6058230996132,30.0828709006309,0,0.0653584563465854,0.375440803924894,0
194,1,6,10,20,37,36.711784362793,0.799850165843964,35.911934196949,37.5116345286369,0,0.0830682535306551,0.375440803924894,0
195,0.2,1.2,2,4,7.4,7.32879734039307,0.17221961915493,7.15657772123814,7.501016959548,0,0.0050698187351009,0.375440803924894,0
196,0.9,5.4,9,18,33.3,33.0461235046387,0.719460248947144,32.3266632556915,33.7655837535858,0,0.064453274896949,0.375440803924894,0
197,1,6,10,20,37,36.7152557373047,0.806074023246765,35.9091817140579,37.5213297605515,0,0.0810792951378971,0.375440803924894,0
198,0.6,3.6,6,12,22.2,22.0067386627197,0.485216438770294,21.5215222239494,22.49195510149,0,0.0373499444873593,0.375440803924894,0
199,0.9,5.4,9,18,33.3,33.0384330749512,0.722600758075714,32.3158323168755,33.7610338330269,0,0.0684172562794978,0.375440803924894,0
200,0.9,5.4,9,18,33.3,33.011344909668,0.795843899250031,32.2155010104179,33.807188808918,0,0.0833217611745915,0.375440803924894,0
201,0.1,0.6,1,2,3.7,3.6876916885376,0.0777786150574684,3.60991307348013,3.76547030359507,0,0.000151494531055509,0.375440803924894,0
202,1,6,10,20,37,36.6958618164062,0.821582436561585,35.8742793798447,37.5174442529678,0,0.0925000347197056,0.375440803924894,0
203,1,6,10,20,37,36.7097015380859,0.827161550521851,35.8825399875641,37.5368630886078,0,0.0842731969896704,0.375440803924894,0
204,0.1,0.6,1,2,3.7,3.68721699714661,0.0785456597805023,3.6086713373661,3.76576265692711,0,0.000163405161949872,0.375440803924894,0
205,0.1,0.6,1,2,3.7,3.68947911262512,0.111528813838959,3.57795029878616,3.80100792646408,0,0.00011068907115487,0.375440803924894,0
206,0.3,1.8,3,6,11.1,11.0013399124146,0.233953803777695,10.7673861086369,11.2352937161922,0,0.00973381288236844,0.375440803924894,0
207,0.1,0.6,1,2,3.7,3.68859624862671,0.0820356979966164,3.60656055063009,3.77063194662333,0,0.000130045545383841,0.375440803924894,0
208,0.7,4.2,7,14,25.9,25.681079864502,0.594947695732117,25.0861321687698,26.2760275602341,0,0.0479260257264826,0.375440803924894,0
209,0.9,5.4,9,18,33.3,33.0231437683105,0.846330344676971,32.1768134236336,33.8694741129875,0,0.0766493730252826,0.375440803924894,0
210,0.5,3,5,10,18.5,18.3424396514893,0.447259992361069,17.8951796591282,18.7896996438503,0,0.0248252634228265,0.375440803924894,0
211,0.1,0.6,1,2,3.7,3.68911385536194,0.0851195007562637,3.60399435460567,3.7742333561182,0,0.0001185081450808,0.375440803924894,0
212,0.8,4.8,8,16,29.6,29.3368225097656,0.746320486068726,28.5905020236969,30.0831429958343,0,0.0692623913660653,0.375440803924894,0
213,1,6,10,20,37,36.696418762207,0.821513891220093,35.8749048709869,37.5179326534271,0,0.092161567939911,0.375440803924894,0
214,0.4,2.4,4,8,14.8,14.6682929992676,0.346699684858322,14.3215933144093,15.0149926841259,0,0.0173467340419304,0.375440803924894,0
215,0.5,3,5,10,18.5,18.3542327880859,0.371170520782471,17.9830622673035,18.7254033088684,0,0.0212480800691992,0.375440803924894,0
216,0.1,0.6,1,2,3.7,3.68957471847534,0.0732762441039085,3.61629847437143,3.76285096257925,0,0.000108686494868383,0.375440803924894,0
217,0.9,5.4,9,18,33.3,33.0389595031738,0.746226727962494,32.2927327752113,33.7851862311363,0,0.0681421409832532,0.375440803924894,0
218,0.3,1.8,3,6,11.1,10.9946660995483,0.254596710205078,10.7400693893433,11.2492628097534,0,0.0110952305843602,0.375440803924894,0
219,0.3,1.8,3,6,11.1,11.0085134506226,0.209395736455917,10.7991177141666,11.2179091870785,0,0.00836978871699096,0.375440803924894,0
220,0.7,4.2,7,14,25.9,25.6823616027832,0.598179161548615,25.0841824412346,26.2805407643318,0,0.0473664719430956,0.375440803924894,0
221,0.2,1.2,2,4,7.4,7.3333477973938,0.159201323986053,7.17414647340775,7.49254912137985,0,0.00444251611225814,0.375440803924894,0
222,0.1,0.6,1,2,3.7,3.69136381149292,0.0776465013623238,3.6137173101306,3.76901031285524,0,7.45837519298251E-05,0.375440803924894,0
223,0.6,3.6,6,12,22.2,22.0078678131104,0.510157525539398,21.497710287571,22.5180253386497,0,0.0369147772389985,0.375440803924894,0
224,0.3,1.8,3,6,11.1,10.9981098175049,0.248468741774559,10.7496410757303,11.2465785592794,0,0.0103816092888882,0.375440803924894,0
225,0.7,4.2,7,14,25.9,25.6940307617187,0.563132107257843,25.1308986544609,26.2571628689766,0,0.0424233271181578,0.375440803924894,0
226,0.1,0.6,1,2,3.7,3.69023990631104,0.0816449522972107,3.60859495401382,3.77188485860825,0,9.52594288173748E-05,0.375440803924894,0
227,0.3,1.8,3,6,11.1,10.9957265853882,0.250847071409225,10.744879513979,11.2465736567974,0,0.0108729449948077,0.375440803924894,0
228,0.3,1.8,3,6,11.1,10.9993925094604,0.251163899898529,10.7482286095619,11.250556409359,0,0.0101218671526657,0.375440803924894,0
229,0.1,0.6,1,2,3.7,3.68884587287903,0.0791425183415413,3.60970335453749,3.76798839122057,0,0.0001244145518308,0.375440803924894,0
230,0.5,3,5,10,18.5,18.3350143432617,0.428455084562302,17.9065592586994,18.763469427824,0,0.027220266929362,0.375440803924894,0
231,0.5,3,5,10,18.5,18.3349514007568,0.420299202203751,17.9146521985531,18.7552506029606,0,0.0272410401121306,0.375440803924894,0
232,0.6,3.6,6,12,22.2,21.9994068145752,0.534719944000244,21.4646868705749,22.5341267585754,0,0.0402376260388698,0.375440803924894,0
233,0.3,1.8,3,6,11.1,10.9976434707642,0.252102255821228,10.7455412149429,11.2497457265854,0,0.0104768590772073,0.375440803924894,0
234,0.3,1.8,3,6,11.1,10.9942493438721,0.244748696684837,10.7495006471872,11.2389980405569,0,0.0111832012714876,0.375440803924894,0
235,0.1,0.6,1,2,3.7,3.6887378692627,0.0747289732098579,3.61400889605284,3.76346684247255,0,0.000126835588744147,0.375440803924894,0
236,0.8,4.8,8,16,29.6,29.3751564025879,0.630856931209564,28.7442994713783,30.0060133337975,0,0.0505546432972194,0.375440803924894,0
237,0.2,1.2,2,4,7.4,7.33173513412476,0.166673853993416,7.16506128013134,7.49840898811817,0,0.00466009191296512,0.375440803924894,0
238,0.9,5.4,9,18,33.3,33.0091018676758,0.774361193180084,32.2347406744957,33.7834630608559,0,0.084621723389717,0.375440803924894,0
239,0.7,4.2,7,14,25.9,25.6884593963623,0.568098247051239,25.1203611493111,26.2565576434135,0,0.0447494269873999,0.375440803924894,0
240,0.8,4.8,8,16,29.6,29.3632011413574,0.636684954166412,28.726516187191,29.9998860955238,0,0.0560736994544284,0.375440803924894,0
241,0.5,3,5,10,18.5,18.3432178497314,0.396053314208984,17.9471645355225,18.7392711639404,0,0.0245806426428317,0.375440803924894,0
242,0.2,1.2,2,4,7.4,7.33026075363159,0.158116281032562,7.17214447259903,7.48837703466415,0,0.00486356248403359,0.375440803924894,0
243,0.3,1.8,3,6,11.1,11.0001258850098,0.236793398857117,10.7633324861526,11.2369192838669,0,0.00997483884508249,0.375440803924894,0
244,0.5,3,5,10,18.5,18.348123550415,0.400367677211762,17.9477558732033,18.7484912276268,0,0.0230664559385332,0.375440803924894,0
245,0.1,0.6,1,2,3.7,3.68921995162964,0.0820250436663628,3.60719490796328,3.771244995296,0,0.000116209442867334,0.375440803924894,0
246,1,6,10,20,37,36.685905456543,0.880129814147949,35.805775642395,37.5660352706909,0,0.0986553822294809,0.375440803924894,0
247,0.2,1.2,2,4,7.4,7.32939434051514,0.163710743188858,7.16568359732628,7.493105083704,0,0.00498515915129251,0.375440803924894,0
248,0.5,3,5,10,18.5,18.3451595306396,0.382498174905777,17.9626613557339,18.7276577055454,0,0.023975570951734,0.375440803924894,0
249,0.7,4.2,7,14,25.9,25.6860942840576,0.620891153812408,25.0652031302452,26.30698543787,0,0.0457556553128228,0.375440803924894,0
250,0.9,5.4,9,18,33.3,33.0540542602539,0.709744155406952,32.344310104847,33.7637984156609,0,0.0604893068992519,0.375440803924894,0
251,0.6,3.6,6,12,22.2,22.0049896240234,0.523066937923431,21.4819226861,22.5280565619469,0,0.03802904673852,0.375440803924894,0
252,0.4,2.4,4,8,14.8,14.6697750091553,0.326183468103409,14.3435915410519,14.9959584772587,0,0.0169585482405093,0.375440803924894,0
253,0.2,1.2,2,4,7.4,7.33179235458374,0.163917794823647,7.16787455976009,7.49571014940739,0,0.00465228289323027,0.375440803924894,0
254,0.9,5.4,9,18,33.3,33.0117645263672,0.794151425361633,32.2176131010056,33.8059159517288,0,0.0830796882603301,0.375440803924894,0
255,0.3,1.8,3,6,11.1,10.9999704360962,0.232003882527351,10.7679665535688,11.2319743186235,0,0.0100059136547861,0.375440803924894,0
256,0.6,3.6,6,12,22.2,22.0136833190918,0.478422194719315,21.5352611243725,22.4921055138111,0,0.0347139055846489,0.375440803924894,0
257,0.2,1.2,2,4,7.4,7.33371448516846,0.161414116621017,7.17230036854744,7.49512860178947,0,0.00439376947648275,0.375440803924894,0
258,0.2,1.2,2,4,7.4,7.3316912651062,0.162059113383293,7.16963215172291,7.49375037848949,0,0.00466608326279134,0.375440803924894,0
259,0.1,0.6,1,2,3.7,3.68704748153687,0.072728805243969,3.6143186762929,3.75977628678083,0,0.000167767734537852,0.375440803924894,0
260,0.2,1.2,2,4,7.4,7.33721494674683,0.148401856422424,7.1888130903244,7.48561680316925,0,0.00394196291200392,0.375440803924894,0
261,0.7,4.2,7,14,25.9,25.6708431243896,0.610024690628052,25.0608184337616,26.2808678150177,0,0.0525128736394975,0.375440803924894,0
262,0.2,1.2,2,4,7.4,7.33494091033936,0.147883266210556,7.1870576441288,7.48282417654991,0,0.00423268514747183,0.375440803924894,0
263,0.4,2.4,4,8,14.8,14.673113822937,0.316824197769165,14.3562896251678,14.9899380207062,0,0.0161001019296602,0.375440803924894,0
264,0.7,4.2,7,14,25.9,25.6972980499268,0.530457735061646,25.1668403148651,26.2277557849884,0,0.0410880805634946,0.375440803924894,0
265,0.4,2.4,4,8,14.8,14.675350189209,0.301165163516998,14.374185025692,14.976515352726,0,0.0155375753302362,0.375440803924894,0
266,1,6,10,20,37,36.715991973877,0.832008123397827,35.8839838504791,37.5480000972748,0,0.0806605589023093,0.375440803924894,0
267,0.3,1.8,3,6,11.1,10.9971008300781,0.241643339395523,10.7554574906826,11.2387441694737,0,0.0105882391706108,0.375440803924894,0
268,0.1,0.6,1,2,3.7,3.68561458587646,0.0843676701188087,3.60124691575766,3.76998225599527,0,0.00020694013950561,0.375440803924894,0
269,0.7,4.2,7,14,25.9,25.6849594116211,0.586191117763519,25.0987682938576,26.2711505293846,0,0.0462424546503456,0.375440803924894,0
270,0.2,1.2,2,4,7.4,7.33401727676392,0.154267862439156,7.17974941432476,7.48828513920307,0,0.0043537197656497,0.375440803924894,0
271,0.9,5.4,9,18,33.3,33.0300483703613,0.751497209072113,32.2785511612892,33.7815455794334,0,0.0728738823445731,0.375440803924894,0
272,0.4,2.4,4,8,14.8,14.6738653182983,0.318283230066299,14.355582088232,14.9921485483646,0,0.0159099579279793,0.375440803924894,0
273,0.8,4.8,8,16,29.6,29.3623561859131,0.728427469730377,28.6339287161827,30.0907836556435,0,0.0564745823737765,0.375440803924894,0
274,0.8,4.8,8,16,29.6,29.342903137207,0.722377836704254,28.6205253005028,30.0652809739113,0,0.0660987968579873,0.375440803924894,0
275,0.2,1.2,2,4,7.4,7.3358097076416,0.146787360310555,7.18902234733105,7.48259706795216,0,0.00412039363305671,0.375440803924894,0
276,0.4,2.4,4,8,14.8,14.6691608428955,0.319291323423386,14.3498695194721,14.9884521663189,0,0.0171188850318142,0.375440803924894,0
277,0.7,4.2,7,14,25.9,25.665994644165,0.631856083869934,25.0341385602951,26.297850728035,0,0.054758506559446,0.375440803924894,0
278,0.2,1.2,2,4,7.4,7.33365345001221,0.157603889703751,7.17604956030846,7.49125733971596,0,0.00440186469528276,0.375440803924894,0
279,0.3,1.8,3,6,11.1,10.9982061386108,0.227408781647682,10.7707973569632,11.2256149202585,0,0.0103619902165155,0.375440803924894,0
280,0.4,2.4,4,8,14.8,14.6634244918823,0.330674141645432,14.3327503502369,14.9940986335278,0,0.0186528694176015,0.375440803924894,0
281,0.6,3.6,6,12,22.2,22.0089836120605,0.515974581241608,21.4930090308189,22.5249581933022,0,0.0364872604614354,0.375440803924894,0
282,0.1,0.6,1,2,3.7,3.68817234039307,0.0764647945761681,3.6117075458169,3.76463713496923,0,0.000139893531777493,0.375440803924894,0
283,0.8,4.8,8,16,29.6,29.3681297302246,0.668794631958008,28.6993350982666,30.0369243621826,0,0.0537638220057131,0.375440803924894,0
284,0.9,5.4,9,18,33.3,33.0477828979492,0.704249680042267,32.3435332179069,33.7520325779915,0,0.0636134665668928,0.375440803924894,0
285,0.6,3.6,6,12,22.2,22.0126094818115,0.479424804449081,21.5331846773624,22.4920342862606,0,0.0351152063069455,0.375440803924894,0
286,0.6,3.6,6,12,22.2,22.0115776062012,0.538838684558868,21.4727389216423,22.55041629076,0,0.0355029984848804,0.375440803924894,0
287,0.8,4.8,8,16,29.6,29.339900970459,0.720549643039703,28.6193513274193,30.0604506134987,0,0.0676515051681789,0.375440803924894,0
288,0.6,3.6,6,12,22.2,22.0049877166748,0.526692450046539,21.4782952666283,22.5316801667213,0,0.038029790647706,0.375440803924894,0
289,0.2,1.2,2,4,7.4,7.33126163482666,0.162671625614166,7.16859000921249,7.49393326044083,0,0.00472496284670347,0.375440803924894,0
290,0.3,1.8,3,6,11.1,10.9922685623169,0.250503540039062,10.7417650222778,11.242772102356,0,0.0116060626652688,0.375440803924894,0
291,0.7,4.2,7,14,25.9,25.6961402893066,0.578127026557922,25.1180132627487,26.2742673158646,0,0.0415587816439796,0.375440803924894,0
292,0.3,1.8,3,6,11.1,10.9969663619995,0.231874212622643,10.7650921493769,11.2288405746222,0,0.0106159305596156,0.375440803924894,0
293,0.6,3.6,6,12,22.2,22.0090713500977,0.507685244083405,21.5013861060142,22.5167565941811,0,0.0364537493535315,0.375440803924894,0
294,0.8,4.8,8,16,29.6,29.3447456359863,0.714860022068024,28.6298856139183,30.0596056580544,0,0.0651547903480248,0.375440803924894,0
295,0.1,0.6,1,2,3.7,3.69268941879272,0.108223915100098,3.58446550369263,3.80091333389282,0,5.34445975881707E-05,0.375440803924894,0
296,0.5,3,5,10,18.5,18.3397407531738,0.405481427907944,17.9342593252659,18.7452221810818,0,0.0256830261932919,0.375440803924894,0
297,0.4,2.4,4,8,14.8,14.6679229736328,0.32683053612709,14.3410924375057,14.9947535097599,0,0.0174443408939989,0.375440803924894,0
298,0.6,3.6,6,12,22.2,21.9988479614258,0.512530028820038,21.4863179326057,22.5113779902458,0,0.0404621426225637,0.375440803924894,0
299,0.6,3.6,6,12,22.2,22.0076580047607,0.492471963167191,21.5151860415936,22.5001299679279,0,0.0369954431326184,0.375440803924894,0
300,0.6,3.6,6,12,22.2,22.0185451507568,0.479894608259201,21.5386505424976,22.498439759016,0,0.0329258623138591,0.375440803924894,0
301,0.2,1.2,2,4,7.4,7.3357138633728,0.13936822116375,7.19634564220905,7.47508208453655,0,0.00413270736245072,0.375440803924894,0
302,0.5,3,5,10,18.5,18.3374843597412,0.438025563955307,17.8994587957859,18.7755099236965,0,0.0264113333287241,0.375440803924894,0
303,0.2,1.2,2,4,7.4,7.33660650253296,0.144178375601769,7.19242812693119,7.48078487813473,0,0.00401873552110378,0.375440803924894,0
304,0.4,2.4,4,8,14.8,14.6679315567017,0.343925327062607,14.3240062296391,15.0118568837643,0,0.017442073715247,0.375440803924894,0
305,0.3,1.8,3,6,11.1,11.000563621521,0.229520812630653,10.7710428088903,11.2300844341517,0,0.00988759336501964,0.375440803924894,0
306,0.3,1.8,3,6,11.1,10.9948043823242,0.238203421235085,10.7566009610891,11.2330078035593,0,0.0110661179781891,0.375440803924894,0
307,0.6,3.6,6,12,22.2,22.0125122070313,0.483158499002457,21.5293537080288,22.4956707060337,0,0.0351516725122926,0.375440803924894,0
308,0.7,4.2,7,14,25.9,25.6836814880371,0.606622934341431,25.0770585536957,26.2903044223785,0,0.0467936986178386,0.375440803924894,0
309,0.2,1.2,2,4,7.4,7.33344793319702,0.157643958926201,7.17580397427082,7.49109189212322,0,0.00442917759574816,0.375440803924894,0
310,0.3,1.8,3,6,11.1,10.9959497451782,0.233162999153137,10.7627867460251,11.2291127443314,0,0.0108264555284767,0.375440803924894,0
311,0.8,4.8,8,16,29.6,29.3643455505371,0.621737122535706,28.7426084280014,29.9860826730728,0,0.0555330195516587,0.375440803924894,0
312,0.3,1.8,3,6,11.1,11.0023441314697,0.221853896975517,10.7804902344942,11.2241980284452,0,0.00953666865840198,0.375440803924894,0
313,0.2,1.2,2,4,7.4,7.33047819137573,0.175549209117889,7.15492898225784,7.50602740049362,0,0.00483328187438934,0.375440803924894,0
314,0.7,4.2,7,14,25.9,25.6946067810059,0.558860301971436,25.1357464790344,26.2534670829773,0,0.0421863744087744,0.375440803924894,0
315,0.1,0.6,1,2,3.7,3.69050335884094,0.0842559114098549,3.60624744743109,3.7747592702508,0,9.01861933039106E-05,0.375440803924894,0
316,0.8,4.8,8,16,29.6,29.3457813262939,0.687387347221375,28.6583939790726,30.0331686735153,0,0.0646271340608662,0.375440803924894,0
317,1,6,10,20,37,36.7230072021484,0.802675366401672,35.9203318357468,37.5256825685501,0,0.0767250100616366,0.375440803924894,0
318,0.3,1.8,3,6,11.1,10.9943799972534,0.236930370330811,10.7574496269226,11.2313103675842,0,0.0111555849801879,0.375440803924894,0
319,0.1,0.6,1,2,3.7,3.6874783039093,0.0729541108012199,3.61452419310808,3.76043241471052,0,0.000156792872987812,0.375440803924894,0
320,0.8,4.8,8,16,29.6,29.3552131652832,0.634484052658081,28.7207291126251,29.9896972179413,0,0.0599205944506691,0.375440803924894,0
321,0.9,5.4,9,18,33.3,33.0423049926758,0.715320885181427,32.3269841074944,33.7576258778572,0,0.0664067167998277,0.375440803924894,0
322,0.2,1.2,2,4,7.4,7.33318567276001,0.163835182785988,7.16935048997402,7.497020855546,0,0.00446415432453255,0.375440803924894,0
323,0.7,4.2,7,14,25.9,25.6892013549805,0.564103901386261,25.1250974535942,26.2533052563667,0,0.0444360687420697,0.375440803924894,0
324,0.6,3.6,6,12,22.2,22.0181655883789,0.49315682053566,21.5250087678432,22.5113224089146,0,0.0330637532495891,0.375440803924894,0
325,1,6,10,20,37,36.672306060791,0.901586651802063,35.770719408989,37.5738927125931,0,0.107383317794302,0.375440803924894,0
326,0.7,4.2,7,14,25.9,25.696195602417,0.539797902107239,25.1563977003098,26.2359935045242,0,0.0415362324741721,0.375440803924894,0
327,0.1,0.6,1,2,3.7,3.68656444549561,0.0795005559921265,3.60706388950348,3.76606500148773,0,0.000180514124840561,0.375440803924894,0
328,0.5,3,5,10,18.5,18.3384838104248,0.390129506587982,17.9483543038368,18.7286133170128,0,0.0260874794948904,0.375440803924894,0
329,0.2,1.2,2,4,7.4,7.33453845977783,0.153523340821266,7.18101511895657,7.4880618005991,0,0.00428521324825856,0.375440803924894,0
330,0.6,3.6,6,12,22.2,22.0151309967041,0.470682889223099,21.544448107481,22.4858138859272,0,0.0341765483796186,0.375440803924894,0
331,0.5,3,5,10,18.5,18.35085105896,0.390440374612808,17.9604106843472,18.7412914335728,0,0.022245406613365,0.375440803924894,0
332,0.8,4.8,8,16,29.6,29.3490142822266,0.67131632566452,28.677697956562,30.0203306078911,0,0.0629938305262483,0.375440803924894,0
333,0.2,1.2,2,4,7.4,7.33749151229858,0.144242748618126,7.19324876368046,7.48173426091671,0,0.00390731103471812,0.375440803924894,0
334,0.1,0.6,1,2,3.7,3.68756556510925,0.0944252759218216,3.59314028918743,3.78199084103107,0,0.000154615171052233,0.375440803924894,0
335,0.2,1.2,2,4,7.4,7.33037233352661,0.164986610412598,7.16538572311401,7.49535894393921,0,0.0048480119385295,0.375440803924894,0
336,0.7,4.2,7,14,25.9,25.6802349090576,0.623503983020783,25.0567309260368,26.3037388920784,0,0.0482966951969132,0.375440803924894,0
337,1,6,10,20,37,36.6882934570312,0.847944378852844,35.8403490781784,37.5362378358841,0,0.0971609689295292,0.375440803924894,0
338,0.1,0.6,1,2,3.7,3.68804788589478,0.0788675472140312,3.60918033868074,3.76691543310881,0,0.000142853031584313,0.375440803924894,0
339,0.9,5.4,9,18,33.3,33.0326118469238,0.732662081718445,32.2999497652054,33.7652739286423,0,0.0714964244054848,0.375440803924894,0
340,0.7,4.2,7,14,25.9,25.6796493530273,0.64471423625946,25.0349351167679,26.3243635892868,0,0.0485544076212676,0.375440803924894,0
341,0.1,0.6,1,2,3.7,3.68723773956299,0.0755482390522957,3.61168950051069,3.76278597861528,0,0.000162875291462119,0.375440803924894,0
342,0.7,4.2,7,14,25.9,25.7009696960449,0.533417284488678,25.1675524115562,26.2343869805336,0,0.0396130618924502,0.375440803924894,0
343,0.3,1.8,3,6,11.1,10.9988250732422,0.239449143409729,10.7593759298325,11.2382742166519,0,0.0102363658044487,0.375440803924894,0
344,1,6,10,20,37,36.6963157653809,0.900801420211792,35.7955143451691,37.5971171855927,0,0.0922241143562133,0.375440803924894,0
345,1,6,10,20,37,36.7190475463867,0.76233184337616,35.9567157030106,37.4813793897629,0,0.078934281191323,0.375440803924894,0
346,0.8,4.8,8,16,29.6,29.3570289611816,0.65480363368988,28.7022253274918,30.0118325948715,0,0.0590349257044734,0.375440803924894,0
347,1,6,10,20,37,36.6889305114746,0.839298903942108,35.8496316075325,37.5282294154167,0,0.0967642266914481,0.375440803924894,0
348,0.8,4.8,8,16,29.6,29.3534049987793,0.651092290878296,28.702312707901,30.0044972896576,0,0.0608090946270393,0.375440803924894,0
349,0.4,2.4,4,8,14.8,14.6690607070923,0.318844705820084,14.3502160012722,14.9879054129124,0,0.0171450984271725,0.375440803924894,0
350,0.3,1.8,3,6,11.1,11.0016994476318,0.229621723294258,10.7720777243376,11.2313211709261,0,0.00966299859588609,0.375440803924894,0
351,0.9,5.4,9,18,33.3,33.0173263549805,0.792327046394348,32.2249993085861,33.8096534013748,0,0.0799043895886264,0.375440803924894,0
352,0.6,3.6,6,12,22.2,22.0101432800293,0.553555727005005,21.4565875530243,22.5636990070343,0,0.0360455741180337,0.375440803924894,0
353,0.2,1.2,2,4,7.4,7.33802700042725,0.141929447650909,7.19609755277634,7.47995644807816,0,0.0038406526760446,0.375440803924894,0
354,0.5,3,5,10,18.5,18.3452758789063,0.389872759580612,17.9554031193256,18.7351486384869,0,0.0239395536482334,0.375440803924894,0
355,0.6,3.6,6,12,22.2,22.008487701416,0.48648476600647,21.5220029354095,22.4949724674225,0,0.0366769605089209,0.375440803924894,0
356,0.2,1.2,2,4,7.4,7.33151340484619,0.160480305552483,7.17103309929371,7.49199371039867,0,0.00469041371576173,0.375440803924894,0
357,1,6,10,20,37,36.7150917053223,0.800427079200745,35.9146646261215,37.515518784523,0,0.0811727363761747,0.375440803924894,0
358,0.7,4.2,7,14,25.9,25.6796092987061,0.581181585788727,25.0984277129173,26.2607908844948,0,0.0485720612168364,0.375440803924894,0
359,0.4,2.4,4,8,14.8,14.6631517410278,0.335343390703201,14.3278083503246,14.998495131731,0,0.0187274459837137,0.375440803924894,0
360,0.3,1.8,3,6,11.1,11.00026512146,0.249466180801392,10.7507989406586,11.2497313022614,0,0.00994704599739627,0.375440803924894,0
361,0.9,5.4,9,18,33.3,33.0116310119629,0.781771242618561,32.2298597693443,33.7934022545814,0,0.0831566732615449,0.375440803924894,0
362,0.7,4.2,7,14,25.9,25.7022228240967,0.545857846736908,25.1563649773598,26.2480806708336,0,0.0391158113082923,0.375440803924894,0
363,1,6,10,20,37,36.6865119934082,0.899805963039398,35.7867060303688,37.5863179564476,0,0.0982747302768985,0.375440803924894,0
364,0.1,0.6,1,2,3.7,3.68970656394958,0.0806795284152031,3.60902703553438,3.77038609236479,0,0.000105954825723988,0.375440803924894,0
365,0.5,3,5,10,18.5,18.3394241333008,0.399234056472778,17.940190076828,18.7386581897736,0,0.0257846089662053,0.375440803924894,0
366,0.9,5.4,9,18,33.3,33.0281944274902,0.802365720272064,32.2258287072182,33.8305601477623,0,0.0738782692473599,0.375440803924894,0
367,0.9,5.4,9,18,33.3,33.0239524841309,0.766379833221436,32.2575726509094,33.7903323173523,0,0.0762022310175219,0.375440803924894,0
368,0.5,3,5,10,18.5,18.3398189544678,0.42033451795578,17.919484436512,18.7601534724236,0,0.0256579673477972,0.375440803924894,0
369,0.1,0.6,1,2,3.7,3.68783950805664,0.0800898000597954,3.60774970799685,3.76792930811644,0,0.000147877564304513,0.375440803924894,0
370,0.5,3,5,10,18.5,18.348316192627,0.377262234687805,17.9710539579391,18.7255784273148,0,0.0230079774191836,0.375440803924894,0
371,0.1,0.6,1,2,3.7,3.68935966491699,0.0806454867124558,3.60871417820454,3.77000515162945,0,0.000113216730678691,0.375440803924894,0
372,1,6,10,20,37,36.6917381286621,0.860224187374115,35.831513941288,37.5519623160362,0,0.0950253813207382,0.375440803924894,0
373,0.9,5.4,9,18,33.3,33.0282173156738,0.718083798885345,32.3101335167885,33.7463011145592,0,0.073865827499538,0.375440803924894,0
374,0.3,1.8,3,6,11.1,10.9901065826416,0.250805765390396,10.7393008172512,11.240912348032,0,0.0120765631787071,0.375440803924894,0
375,0.6,3.6,6,12,22.2,22.0193996429443,0.486172020435333,21.533227622509,22.5055716633797,0,0.0326164889686331,0.375440803924894,0
376,0.5,3,5,10,18.5,18.3371315002441,0.412117123603821,17.9250143766403,18.749248623848,0,0.0265261482127244,0.375440803924894,0
377,0.6,3.6,6,12,22.2,22.0126991271973,0.494168102741241,21.518531024456,22.5068672299385,0,0.0350816169526658,0.375440803924894,0
378,0.1,0.6,1,2,3.7,3.68868732452393,0.0793988183140755,3.60928850620985,3.768086142838,0,0.000127976626426975,0.375440803924894,0
379,0.9,5.4,9,18,33.3,33.0347557067871,0.725948989391327,32.3088067173958,33.7607046961784,0,0.0703545350820044,0.375440803924894,0
380,0.9,5.4,9,18,33.3,33.0308151245117,0.73251485824585,32.2983002662659,33.7633299827576,0,0.07246049719164,0.375440803924894,0
381,0.4,2.4,4,8,14.8,14.6634397506714,0.329304575920105,14.3341351747513,14.9927443265915,0,0.0186487016966932,0.375440803924894,0
382,0.1,0.6,1,2,3.7,3.68982863426208,0.0802876502275467,3.60954098403454,3.77011628448963,0,0.000103456680974436,0.375440803924894,0
383,0.9,5.4,9,18,33.3,33.0366134643555,0.759870648384094,32.2767428159714,33.7964841127396,0,0.0693724671588264,0.375440803924894,0
384,0.5,3,5,10,18.5,18.3484802246094,0.384879767894745,17.9636004567146,18.7333599925041,0,0.0229582423344254,0.375440803924894,0
385,0.7,4.2,7,14,25.9,25.6950073242187,0.56046599149704,25.1345413327217,26.2554733157158,0,0.0420219971239561,0.375440803924894,0
386,0.4,2.4,4,8,14.8,14.6776494979858,0.313764065504074,14.3638854324818,14.9914135634899,0,0.0149696453431172,0.375440803924894,0
387,0.3,1.8,3,6,11.1,10.9984016418457,0.235106483101845,10.7632951587439,11.2335081249475,0,0.0103222263796487,0.375440803924894,0
388,0.6,3.6,6,12,22.2,22.0195255279541,0.483636736869812,21.5358887910843,22.5031622648239,0,0.0325710350602455,0.375440803924894,0
389,0.9,5.4,9,18,33.3,32.994213104248,0.806707441806793,32.1875056624413,33.8009205460548,0,0.0935056256136141,0.375440803924894,0
390,0.9,5.4,9,18,33.3,33.0513954162598,0.708345115184784,32.343050301075,33.7597405314445,0,0.0618042390566538,0.375440803924894,0
391,0.1,0.6,1,2,3.7,3.68930912017822,0.0766244158148766,3.61268470436335,3.7659335359931,0,0.00011429491136369,0.375440803924894,0
392,0.1,0.6,1,2,3.7,3.68872284889221,0.0826630219817162,3.6060598269105,3.77138587087393,0,0.00012717413710789,0.375440803924894,0
393,0.5,3,5,10,18.5,18.3425769805908,0.410239219665527,17.9323377609253,18.7528162002563,0,0.024782007039903,0.375440803924894,0
394,0.2,1.2,2,4,7.4,7.33556747436523,0.160899981856346,7.17466749250889,7.49646745622158,0,0.00415155035967478,0.375440803924894,0
395,0.3,1.8,3,6,11.1,10.9988689422607,0.231674417853355,10.7671945244074,11.2305433601141,0,0.010227490839461,0.375440803924894,0
396,0.4,2.4,4,8,14.8,14.6708555221558,0.316608607769012,14.3542469143868,14.9874641299248,0,0.0166782961576611,0.375440803924894,0
397,0.4,2.4,4,8,14.8,14.6610641479492,0.327184081077576,14.3338800668716,14.9882482290268,0,0.0193031709850768,0.375440803924894,0
398,0.5,3,5,10,18.5,18.3393688201904,0.430747330188751,17.9086214900017,18.7701161503792,0,0.0258023759270145,0.375440803924894,0
399,1,6,10,20,37,36.6916694641113,0.846598923206329,35.845070540905,37.5382683873177,0,0.0950677193613956,0.375440803924894,0
400,0.4,2.4,4,8,14.8,14.6670970916748,0.352387428283691,14.3147096633911,15.0194845199585,0,0.0176631830412955,0.375440803924894,0
401,0.6,3.6,6,12,22.2,22.0212745666504,0.462945431470871,21.5583291351795,22.4842199981213,0,0.0319427805260054,0.375440803924894,0
402,0.2,1.2,2,4,7.4,7.33750915527344,0.144752487540245,7.19275666773319,7.48226164281368,0,0.00390510567463939,0.375440803924894,0
403,0.6,3.6,6,12,22.2,22.0044193267822,0.509697318077087,21.4947220087051,22.5141166448593,0,0.0382517997363172,0.375440803924894,0
404,0.5,3,5,10,18.5,18.339241027832,0.416231065988541,17.9230099618435,18.7554720938206,0,0.0258434471325018,0.375440803924894,0
405,0.6,3.6,6,12,22.2,22.0050621032715,0.502549171447754,21.5025129318237,22.5076112747192,0,0.0380007835809371,0.375440803924894,0
406,0.9,5.4,9,18,33.3,33.0367393493652,0.714493155479431,32.3222461938858,33.7512325048447,0,0.0693061701726386,0.375440803924894,0
407,0.8,4.8,8,16,29.6,29.3627624511719,0.633951365947723,28.7288110852241,29.9967138171196,0,0.0562816545739777,0.375440803924894,0
408,0.8,4.8,8,16,29.6,29.3721885681152,0.599545061588287,28.7726435065269,29.9717336297035,0,0.0518980484973879,0.375440803924894,0
409,0.6,3.6,6,12,22.2,22.0243301391602,0.47250446677208,21.5518256723881,22.4968346059322,0,0.0308599000074898,0.375440803924894,0
410,0.9,5.4,9,18,33.3,33.0115242004395,0.739773392677307,32.2717508077621,33.7512975931168,0,0.0832182869320952,0.375440803924894,0
411,1,6,10,20,37,36.7083778381348,0.819438993930817,35.8889388442039,37.5278168320656,0,0.085043485290953,0.375440803924894,0
412,0.9,5.4,9,18,33.3,33.0227012634277,0.780318379402161,32.2423828840256,33.8030196428299,0,0.0768945893045732,0.375440803924894,0
413,0.5,3,5,10,18.5,18.335844039917,0.415059804916382,17.9207842350006,18.7509038448334,0,0.0269471792307741,0.375440803924894,0
414,1,6,10,20,37,36.6995086669922,0.875084817409515,35.8244238495827,37.5745934844017,0,0.0902950412128121,0.375440803924894,0
415,0.8,4.8,8,16,29.6,29.3552894592285,0.651943147182465,28.7033463120461,30.007232606411,0,0.059883248764673,0.375440803924894,0
416,0.7,4.2,7,14,25.9,25.6875896453857,0.578895747661591,25.1086938977242,26.2664853930473,0,0.0451181587473542,0.375440803924894,0
417,0.7,4.2,7,14,25.9,25.6827583312988,0.573944449424744,25.1088138818741,26.2567027807236,0,0.0471939426200691,0.375440803924894,0
418,0.9,5.4,9,18,33.3,33.0326614379883,0.694791674613953,32.3378697633743,33.7274531126022,0,0.0714699067384921,0.375440803924894,0
419,0.7,4.2,7,14,25.9,25.6932163238525,0.572023630142212,25.1211926937103,26.2652399539947,0,0.0427594887210574,0.375440803924894,0
420,0.8,4.8,8,16,29.6,29.345911026001,0.696913838386536,28.6489971876144,30.0428248643875,0,0.0645612067078771,0.375440803924894,0
421,0.2,1.2,2,4,7.4,7.33159732818604,0.160144209861755,7.17145311832428,7.49174153804779,0,0.00467892551128903,0.375440803924894,0
422,0.9,5.4,9,18,33.3,33.0283546447754,0.746118247509003,32.2822363972664,33.7744728922844,0,0.0737911990151027,0.375440803924894,0
423,0.9,5.4,9,18,33.3,33.0234451293945,0.767408490180969,32.2560366392136,33.7908536195755,0,0.076482596455606,0.375440803924894,0
424,0.6,3.6,6,12,22.2,22.0085983276367,0.507038056850433,21.5015602707863,22.5156363844872,0,0.0366346001834606,0.375440803924894,0
425,0.4,2.4,4,8,14.8,14.672061920166,0.311707019805908,14.3603549003601,14.9837689399719,0,0.0163681522716071,0.375440803924894,0
426,0.6,3.6,6,12,22.2,22.0182647705078,0.497666865587235,21.5205979049206,22.515931636095,0,0.0330276936385778,0.375440803924894,0
427,0.1,0.6,1,2,3.7,3.68751549720764,0.0718471258878708,3.61566837131977,3.75936262309551,0,0.000155862809972409,0.375440803924894,0
428,0.1,0.6,1,2,3.7,3.6892728805542,0.0888176634907723,3.60045521706343,3.77809054404497,0,0.000115071091604481,0.375440803924894,0
429,0.4,2.4,4,8,14.8,14.6642217636108,0.336351037025452,14.3278707265854,15.0005728006363,0,0.0184357294769509,0.375440803924894,0
430,0.1,0.6,1,2,3.7,3.68986964225769,0.0796243697404861,3.6102452725172,3.76949401199818,0,0.000102624147987175,0.375440803924894,0
431,0.1,0.6,1,2,3.7,3.69130682945251,0.0825978517532349,3.60870897769928,3.77390468120575,0,7.55712141676699E-05,0.375440803924894,0
432,0.4,2.4,4,8,14.8,14.6684236526489,0.336748838424683,14.3316748142242,15.0051724910736,0,0.0173123351822507,0.375440803924894,0
433,0.6,3.6,6,12,22.2,22.0230007171631,0.480646848678589,21.5423538684845,22.5036475658417,0,0.0313287461247816,0.375440803924894,0
434,0.1,0.6,1,2,3.7,3.68835401535034,0.0810848698019981,3.60726914554834,3.76943888515234,0,0.000135628958460079,0.375440803924894,0
435,0.9,5.4,9,18,33.3,33.0363159179687,0.764982581138611,32.2713333368301,33.8012984991074,0,0.0695292951166615,0.375440803924894,0
436,0.1,0.6,1,2,3.7,3.68741893768311,0.0800137370824814,3.60740520060062,3.76743267476559,0,0.000158283129021588,0.375440803924894,0
437,0.2,1.2,2,4,7.4,7.33579015731812,0.151801556348801,7.18398860096931,7.48759171366692,0,0.00412290389723244,0.375440803924894,0
438,0.7,4.2,7,14,25.9,25.6857051849365,0.599298000335693,25.0864071846008,26.2850031852722,0,0.045922267763089,0.375440803924894,0
439,1,6,10,20,37,36.7158699035645,0.803315162658691,35.9125547409058,37.5191850662231,0,0.0807299117004732,0.375440803924894,0
440,0.5,3,5,10,18.5,18.332893371582,0.416728496551514,17.9161648750305,18.7496218681335,0,0.0279246252612211,0.375440803924894,0
441,1,6,10,20,37,36.7012367248535,0.855371713638306,35.8458650112152,37.5566084384918,0,0.0892594945762539,0.375440803924894,0
442,0.2,1.2,2,4,7.4,7.3349757194519,0.162000119686127,7.17297559976578,7.49697583913803,0,0.0042281570607975,0.375440803924894,0
443,0.5,3,5,10,18.5,18.3415794372559,0.429069399833679,17.9125100374222,18.7706488370895,0,0.0250970747001702,0.375440803924894,0
444,0.7,4.2,7,14,25.9,25.6887741088867,0.61780571937561,25.0709683895111,26.3065798282623,0,0.0446163770765992,0.375440803924894,0
445,0.6,3.6,6,12,22.2,22.0126113891602,0.4818494617939,21.5307619273663,22.4944608509541,0,0.0351144914724861,0.375440803924894,0
446,0.1,0.6,1,2,3.7,3.68768644332886,0.0771871134638786,3.61049932986498,3.76487355679274,0,0.000151623677893444,0.375440803924894,0
447,0.7,4.2,7,14,25.9,25.6826038360596,0.570033311843872,25.1125705242157,26.2526371479034,0,0.0472610920960136,0.375440803924894,0
448,0.1,0.6,1,2,3.7,3.68816113471985,0.0820851624011993,3.60607597231865,3.77024629712105,0,0.000140158731121578,0.375440803924894,0
449,0.4,2.4,4,8,14.8,14.6740226745605,0.312005698680878,14.3620169758797,14.9860283732414,0,0.0158702865248781,0.375440803924894,0
450,0.9,5.4,9,18,33.3,33.0107574462891,0.767201602458954,32.2435558438301,33.777959048748,0,0.0836612548772229,0.375440803924894,0
451,0.3,1.8,3,6,11.1,10.9979133605957,0.248075142502785,10.7498382180929,11.2459885030985,0,0.0104216819448629,0.375440803924894,0
452,0.3,1.8,3,6,11.1,11.0003623962402,0.238961100578308,10.7614012956619,11.2393234968185,0,0.00992765208298799,0.375440803924894,0
453,0.2,1.2,2,4,7.4,7.33551406860352,0.149639114737511,7.18587495386601,7.48515318334103,0,0.00415843534807213,0.375440803924894,0
454,0.7,4.2,7,14,25.9,25.6712436676025,0.6346834897995,25.036560177803,26.305927157402,0,0.052329459611937,0.375440803924894,0
455,0.2,1.2,2,4,7.4,7.33410549163818,0.154493436217308,7.17961205542088,7.48859892785549,0,0.00434208623224554,0.375440803924894,0
456,0.7,4.2,7,14,25.9,25.6737766265869,0.629043936729431,25.0447326898575,26.3028205633163,0,0.0511770146783959,0.375440803924894,0
457,0.8,4.8,8,16,29.6,29.3558235168457,0.684192001819611,28.6716315150261,30.0400155186653,0,0.0596221549256013,0.375440803924894,0
458,0.8,4.8,8,16,29.6,29.3501167297363,0.683546125888824,28.6665706038475,30.0336628556252,0,0.062441648757668,0.375440803924894,0
459,0.4,2.4,4,8,14.8,14.6645698547363,0.323074817657471,14.3414950370789,14.9876446723938,0,0.0183413242461395,0.375440803924894,0
460,0.2,1.2,2,4,7.4,7.33266878128052,0.155772551894188,7.17689622938633,7.48844133317471,0,0.00453349301425083,0.375440803924894,0
461,0.3,1.8,3,6,11.1,10.991587638855,0.252460122108459,10.7391275167465,11.2440477609634,0,0.0117532400490381,0.375440803924894,0
462,1,6,10,20,37,36.697437286377,0.872047781944275,35.8253895044327,37.5694850683212,0,0.0915441956749419,0.375440803924894,0
463,0.2,1.2,2,4,7.4,7.33082818984985,0.157987207174301,7.17284098267555,7.48881539702415,0,0.00478473931944796,0.375440803924894,0
464,0.2,1.2,2,4,7.4,7.33299255371094,0.149954751133919,7.18303780257702,7.48294730484486,0,0.00448999785818164,0.375440803924894,0
465,0.2,1.2,2,4,7.4,7.33483028411865,0.145541086792946,7.18928919732571,7.4803713709116,0,0.00424709186805562,0.375440803924894,0
466,0.7,4.2,7,14,25.9,25.6883335113525,0.555331230163574,25.133002281189,26.2436647415161,0,0.0448027024163451,0.375440803924894,0
467,0.3,1.8,3,6,11.1,11.0028409957886,0.223564296960831,10.7792766988277,11.2264052927494,0,0.00943987209935578,0.375440803924894,0
468,0.1,0.6,1,2,3.7,3.68860244750977,0.0792654305696487,3.60933701694012,3.76786787807941,0,0.000129904202767652,0.375440803924894,0
469,0.8,4.8,8,16,29.6,29.342960357666,0.703430235385895,28.6395301222801,30.0463905930519,0,0.0660693777311834,0.375440803924894,0
470,0.9,5.4,9,18,33.3,33.0034561157227,0.797866582870483,32.2055895328522,33.8013226985931,0,0.087938275302293,0.375440803924894,0
471,0.6,3.6,6,12,22.2,22.0114631652832,0.508388936519623,21.5030742287636,22.5198521018028,0,0.0355461380450285,0.375440803924894,0
472,0.3,1.8,3,6,11.1,10.9982061386108,0.231406226754189,10.7667999118567,11.229612365365,0,0.0103619902165155,0.375440803924894,0
473,0.6,3.6,6,12,22.2,22.0109252929687,0.490153700113297,21.5207715928555,22.501078993082,0,0.0357492448389527,0.375440803924894,0
474,0.9,5.4,9,18,33.3,33.0336837768555,0.724741280078888,32.3089424967766,33.7584250569344,0,0.0709243307099662,0.375440803924894,0
475,0.9,5.4,9,18,33.3,33.0265655517578,0.754651248455048,32.2719143033028,33.7812168002129,0,0.074766397485508,0.375440803924894,0
476,0.3,1.8,3,6,11.1,11.0019836425781,0.230172410607338,10.7718112319708,11.2321560531855,0,0.00960720632225268,0.375440803924894,0
477,0.5,3,5,10,18.5,18.3316707611084,0.441925019025803,17.8897457420826,18.7735957801342,0,0.0283347326658259,0.375440803924894,0
478,0.2,1.2,2,4,7.4,7.33133268356323,0.16094733774662,7.17038534581661,7.49228002130985,0,0.00471520034662722,0.375440803924894,0
479,0.7,4.2,7,14,25.9,25.6958274841309,0.522475957870483,25.1733515262604,26.2183034420013,0,0.0416864162363339,0.375440803924894,0
480,0.1,0.6,1,2,3.7,3.68919396400452,0.0836012363433838,3.60559272766113,3.7727952003479,0,0.000116770413935687,0.375440803924894,0
481,0.4,2.4,4,8,14.8,14.6768474578857,0.293629109859467,14.3832183480263,14.9704765677452,0,0.0151665486292042,0.375440803924894,0
482,0.9,5.4,9,18,33.3,33.0209541320801,0.779251575469971,32.2417025566101,33.80020570755,0,0.0778665964031809,0.375440803924894,0
483,0.9,5.4,9,18,33.3,33.0473213195801,0.692424297332764,32.3548970222473,33.7397456169128,0,0.0638465155387516,0.375440803924894,0
484,0.8,4.8,8,16,29.6,29.3731212615967,0.636501491069794,28.7366197705269,30.0096227526665,0,0.0514739619394829,0.375440803924894,0
485,1,6,10,20,37,36.6917037963867,0.839561939239502,35.8521418571472,37.5312657356262,0,0.0950465491623618,0.375440803924894,0
486,1,6,10,20,37,36.6846084594727,0.896669149398804,35.7879393100738,37.5812776088715,0,0.0994718238362111,0.375440803924894,0
487,0.3,1.8,3,6,11.1,10.9971971511841,0.240919604897499,10.7562775462866,11.2381167560816,0,0.0105684257246684,0.375440803924894,0
488,0.3,1.8,3,6,11.1,10.9998006820679,0.24600675702095,10.7537939250469,11.2458074390888,0,0.0100399033140638,0.375440803924894,0
489,0.2,1.2,2,4,7.4,7.33433198928833,0.145402431488037,7.18892955780029,7.47973442077637,0,0.00431228763082804,0.375440803924894,0
490,0.2,1.2,2,4,7.4,7.33658456802368,0.14630214869976,7.19028241932392,7.48288671672344,0,0.00402151701274311,0.375440803924894,0
491,0.2,1.2,2,4,7.4,7.33179521560669,0.166420593857765,7.16537462174892,7.49821580946445,0,0.00465189261413803,0.375440803924894,0
492,0.3,1.8,3,6,11.1,10.9953556060791,0.233955860137939,10.7613997459412,11.229311466217,0,0.0109504491790721,0.375440803924894,0
493,0.2,1.2,2,4,7.4,7.33650970458984,0.14784249663353,7.18866720795631,7.48435220122337,0,0.00403101761126895,0.375440803924894,0
494,0.1,0.6,1,2,3.7,3.68771600723267,0.0847202613949776,3.60299574583769,3.77243626862764,0,0.000150896478307918,0.375440803924894,0
495,0.5,3,5,10,18.5,18.3418235778809,0.395091265439987,17.9467323124409,18.7369148433208,0,0.0250197805144126,0.375440803924894,0
496,0.1,0.6,1,2,3.7,3.68745231628418,0.0825295895338059,3.60492272675037,3.76998190581799,0,0.000157444366632267,0.375440803924894,0
497,0.3,1.8,3,6,11.1,10.9984922409058,0.232937783002853,10.7655544579029,11.2314300239086,0,0.0103038251563338,0.375440803924894,0
498,0.9,5.4,9,18,33.3,33.0257873535156,0.753093481063843,32.2726938724518,33.7788808345795,0,0.0751925754919633,0.375440803924894,0
499,0.7,4.2,7,14,25.9,25.6953659057617,0.559516727924347,25.1358491778374,26.2548826336861,0,0.0418751125247212,0.375440803924894,0
500,0.5,3,5,10,18.5,18.3315925598145,0.433582961559296,17.8980095982552,18.7651755213738,0,0.0283610659098485,0.375440803924894,0
501,0.1,0.6,1,2,3.7,3.68814182281494,0.0755411833524704,3.61260063946247,3.76368300616741,0,0.000140616366152248,0.375440803924894,0
502,0.7,4.2,7,14,25.9,25.6982040405273,0.555276453495026,25.1429275870323,26.2534804940224,0,0.0407216092594894,0.375440803924894,0
503,0.3,1.8,3,6,11.1,11.0053977966309,0.23411351442337,10.7712842822075,11.2395113110542,0,0.00894957688229617,0.375440803924894,0
504,0.2,1.2,2,4,7.4,7.33534336090088,0.143184512853622,7.19215884804726,7.4785278737545,0,0.00418048097959404,0.375440803924894,0
505,0.9,5.4,9,18,33.3,33.0411224365234,0.699384331703186,32.3417381048203,33.7405067682266,0,0.0670175928715602,0.375440803924894,0
506,0.4,2.4,4,8,14.8,14.6642169952393,0.329948455095291,14.334268540144,14.9941654503346,0,0.0184370243818559,0.375440803924894,0
507,0.1,0.6,1,2,3.7,3.68584394454956,0.0803639069199562,3.6054800376296,3.76620785146952,0,0.000200393905915922,0.375440803924894,0
508,0.2,1.2,2,4,7.4,7.33626174926758,0.14558008313179,7.19068166613579,7.48184183239937,0,0.00406256460642912,0.375440803924894,0
509,0.7,4.2,7,14,25.9,25.6760578155518,0.608927071094513,25.0671307444572,26.2849848866463,0,0.0501501019754499,0.375440803924894,0
510,0.9,5.4,9,18,33.3,33.015926361084,0.820937216281891,32.1949891448021,33.8368635773659,0,0.0806978323269852,0.375440803924894,0
511,0.9,5.4,9,18,33.3,33.0266914367676,0.828268706798553,32.198422729969,33.8549601435661,0,0.0746975707361692,0.375440803924894,0
512,0.9,5.4,9,18,33.3,33.0211029052734,0.858836352825165,32.1622665524483,33.8799392580986,0,0.0777835894469156,0.375440803924894,0
513,0.7,4.2,7,14,25.9,25.6855983734131,0.589114248752594,25.0964841246605,26.2747126221657,0,0.0459680574831139,0.375440803924894,0
514,0.1,0.6,1,2,3.7,3.68709373474121,0.0868050754070282,3.60028865933418,3.77389881014824,0,0.00016657168293023,0.375440803924894,0
515,0.1,0.6,1,2,3.7,3.68658375740051,0.0752441510558128,3.6113396063447,3.76182790845633,0,0.000179995565488303,0.375440803924894,0
516,0.6,3.6,6,12,22.2,22.0188751220703,0.496808707714081,21.5220664143562,22.5156838297844,0,0.0328062214050439,0.375440803924894,0
517,0.4,2.4,4,8,14.8,14.670859336853,0.340327471494675,14.3305318653584,15.0111868083477,0,0.01667731087804,0.375440803924894,0
518,0.1,0.6,1,2,3.7,3.68778252601624,0.0815459862351418,3.60623653978109,3.76932851225138,0,0.00014926667054397,0.375440803924894,0
519,0.3,1.8,3,6,11.1,10.9979076385498,0.233077242970467,10.7648303955793,11.2309848815203,0,0.0104228502664773,0.375440803924894,0
520,0.8,4.8,8,16,29.6,29.3473205566406,0.686068177223206,28.6612523794174,30.0333887338638,0,0.0638469010964043,0.375440803924894,0
521,0.9,5.4,9,18,33.3,33.0354042053223,0.730238795280457,32.3051654100418,33.7656430006027,0,0.0700109345611403,0.375440803924894,0
522,0.8,4.8,8,16,29.6,29.3547649383545,0.678874909877777,28.6758900284767,30.0336398482323,0,0.0601402354602767,0.375440803924894,0
523,0.9,5.4,9,18,33.3,33.0107421875,0.766517639160156,32.2442245483398,33.7772598266602,0,0.0836700820922835,0.375440803924894,0
524,0.6,3.6,6,12,22.2,22.0198402404785,0.492898941040039,21.5269412994385,22.5127391815186,0,0.0324575389508388,0.375440803924894,0
525,0.8,4.8,8,16,29.6,29.34787940979,0.746682584285736,28.6011968255043,30.0945619940758,0,0.0635647920078198,0.375440803924894,0
526,0.2,1.2,2,4,7.4,7.33053112030029,0.162000298500061,7.16853082180023,7.49253141880035,0,0.00482592524673242,0.375440803924894,0
527,0.6,3.6,6,12,22.2,22.0077972412109,0.530271291732788,21.4775259494782,22.5380685329437,0,0.0369419004861263,0.375440803924894,0
528,0.3,1.8,3,6,11.1,11.0004596710205,0.220876678824425,10.7795829921961,11.2213363498449,0,0.00990827709334546,0.375440803924894,0
529,0.9,5.4,9,18,33.3,33.0219497680664,0.760411500930786,32.2615382671356,33.7823612689972,0,0.0773119314783237,0.375440803924894,0
530,0.7,4.2,7,14,25.9,25.6827182769775,0.547994673252106,25.1347236037254,26.2307129502296,0,0.0472113471596088,0.375440803924894,0
531,1,6,10,20,37,36.7367515563965,0.773098587989807,35.9636529684067,37.5098501443863,0,0.0692997430596733,0.375440803924894,0
532,0.6,3.6,6,12,22.2,22.0124626159668,0.493269562721252,21.5191930532455,22.505732178688,0,0.0351702704100168,0.375440803924894,0
533,0.5,3,5,10,18.5,18.3489685058594,0.403892040252686,17.9450764656067,18.7528605461121,0,0.0228105122223496,0.375440803924894,0
534,0.5,3,5,10,18.5,18.3430881500244,0.41417732834816,17.9289108216763,18.7572654783726,0,0.0246213286627608,0.375440803924894,0
535,0.8,4.8,8,16,29.6,29.381217956543,0.619545161724091,28.7616727948189,30.0007631182671,0,0.0478655825392349,0.375440803924894,0
536,0.7,4.2,7,14,25.9,25.6759567260742,0.629335463047028,25.0466212630272,26.3052921891212,0,0.050195388591382,0.375440803924894,0
537,1,6,10,20,37,36.688159942627,0.840380907058716,35.8477790355682,37.5285408496857,0,0.0972442213824252,0.375440803924894,0
538,0.9,5.4,9,18,33.3,33.0290908813477,0.780480206012726,32.2486106753349,33.8095710873604,0,0.0733917505689881,0.375440803924894,0
539,0.6,3.6,6,12,22.2,22.0218734741211,0.46380940079689,21.5580640733242,22.485682874918,0,0.0317290592216884,0.375440803924894,0
540,0.7,4.2,7,14,25.9,25.692813873291,0.562604784965515,25.1302090883255,26.2554186582565,0,0.0429260911006707,0.375440803924894,0
541,0.2,1.2,2,4,7.4,7.33706998825073,0.14649872481823,7.1905712634325,7.48356871306896,0,0.003960186378763,0.375440803924894,0
542,0.2,1.2,2,4,7.4,7.33446836471558,0.152521833777428,7.18194653093815,7.486990198493,0,0.00429439522305079,0.375440803924894,0
543,0.4,2.4,4,8,14.8,14.6679630279541,0.322519153356552,14.3454438745976,14.9904821813107,0,0.0174337619870496,0.375440803924894,0
544,0.7,4.2,7,14,25.9,25.6869201660156,0.56157523393631,25.1253449320793,26.2484953999519,0,0.0454030156508082,0.375440803924894,0
545,0.8,4.8,8,16,29.6,29.368522644043,0.615087449550629,28.7534351944923,29.9836100935936,0,0.0535817663208588,0.375440803924894,0
546,0.7,4.2,7,14,25.9,25.6886024475098,0.58130270242691,25.1072997450829,26.2699051499367,0,0.0446889251988608,0.375440803924894,0
547,1,6,10,20,37,36.6872787475586,0.849310219287872,35.8379685282707,37.5365889668465,0,0.0977945817285217,0.375440803924894,0
548,0.4,2.4,4,8,14.8,14.6803197860718,0.302948504686356,14.3773712813854,14.9832682907581,0,0.0143233536059053,0.375440803924894,0
549,0.1,0.6,1,2,3.7,3.68509531021118,0.0819330215454102,3.60316228866577,3.76702833175659,0,0.000222149777700912,0.375440803924894,0
550,0.7,4.2,7,14,25.9,25.6878509521484,0.596568405628204,25.0912825465202,26.2844193577766,0,0.045007218504324,0.375440803924894,0
551,0.8,4.8,8,16,29.6,29.3664531707764,0.671641528606415,28.6948116421699,30.0380946993828,0,0.0545441214404134,0.375440803924894,0
552,0.2,1.2,2,4,7.4,7.33451461791992,0.147324651479721,7.1871899664402,7.48183926939964,0,0.00428833526617386,0.375440803924894,0
553,0.2,1.2,2,4,7.4,7.33037662506104,0.154299765825272,7.17607685923576,7.48467639088631,0,0.00484741433789173,0.375440803924894,0
554,1,6,10,20,37,36.7243270874023,0.774718165397644,35.9496089220047,37.4990452528,0,0.075995554740075,0.375440803924894,0
555,1,6,10,20,37,36.697925567627,0.861285150051117,35.8366404175758,37.5592107176781,0,0.0912489626934985,0.375440803924894,0
556,0.7,4.2,7,14,25.9,25.6906108856201,0.550813853740692,25.1397970318794,26.2414247393608,0,0.0438438012207911,0.375440803924894,0
557,1,6,10,20,37,36.6762542724609,0.881270349025726,35.7949839234352,37.5575246214867,0,0.104811296099797,0.375440803924894,0
558,0.8,4.8,8,16,29.6,29.3816471099854,0.583224594593048,28.7984225153923,29.9648717045784,0,0.0476779845777498,0.375440803924894,0
559,0.6,3.6,6,12,22.2,22.004487991333,0.517641246318817,21.4868467450142,22.5221292376518,0,0.0382249455330017,0.375440803924894,0
560,0.5,3,5,10,18.5,18.3417816162109,0.410089790821075,17.9316918253899,18.751871407032,0,0.0250330569688231,0.375440803924894,0
561,0.3,1.8,3,6,11.1,10.9923400878906,0.233998581767082,10.7583415061235,11.2263386696577,0,0.0115906566753983,0.375440803924894,0
562,0.2,1.2,2,4,7.4,7.33353137969971,0.155558452010155,7.17797292768955,7.48908983170986,0,0.00441807748462457,0.375440803924894,0
563,0.7,4.2,7,14,25.9,25.678991317749,0.625562608242035,25.053428709507,26.3045539259911,0,0.0488448376303125,0.375440803924894,0
564,0.4,2.4,4,8,14.8,14.6677398681641,0.329327136278152,14.3384127318859,14.9970670044422,0,0.0174927424732598,0.375440803924894,0
565,0.4,2.4,4,8,14.8,14.6723718643188,0.307049095630646,14.3653227686882,14.9794209599495,0,0.0162889410174468,0.375440803924894,0
566,0.9,5.4,9,18,33.3,33.0210380554199,0.772932648658752,32.2481054067612,33.7939707040787,0,0.077819766523897,0.375440803924894,0
567,0.3,1.8,3,6,11.1,10.9979963302612,0.236482173204422,10.7615141570568,11.2344785034657,0,0.0104047486401759,0.375440803924894,0
568,0.7,4.2,7,14,25.9,25.680850982666,0.598626375198364,25.0822246074677,26.2794773578644,0,0.0480262917984504,0.375440803924894,0
569,0.9,5.4,9,18,33.3,33.0080795288086,0.740018606185913,32.2680609226227,33.7480981349945,0,0.085217561500611,0.375440803924894,0
570,0.8,4.8,8,16,29.6,29.3484802246094,0.673492550849915,28.6749876737595,30.0219727754593,0,0.0632621974125512,0.375440803924894,0
571,0.6,3.6,6,12,22.2,22.0099506378174,0.514080703258514,21.4958699345589,22.5240313410759,0,0.0361187600660193,0.375440803924894,0
572,0.4,2.4,4,8,14.8,14.673789024353,0.310539126396179,14.3632498979568,14.9843281507492,0,0.0159292103737609,0.375440803924894,0
573,0.8,4.8,8,16,29.6,29.3526649475098,0.683881521224976,28.6687834262848,30.0365464687347,0,0.0611746281903477,0.375440803924894,0
574,0.3,1.8,3,6,11.1,10.9964218139648,0.234532594680786,10.7618892192841,11.2309544086456,0,0.0107284406223334,0.375440803924894,0
575,0.2,1.2,2,4,7.4,7.33420276641846,0.145693957805634,7.18850880861282,7.47989672422409,0,0.00432927594698417,0.375440803924894,0
576,0.8,4.8,8,16,29.6,29.3484954833984,0.662453532218933,28.6860419511795,30.0109490156174,0,0.0632545218709863,0.375440803924894,0
577,0.9,5.4,9,18,33.3,33.0384826660156,0.752181470394135,32.2863011956215,33.7906641364098,0,0.0683913159742937,0.375440803924894,0
578,0.8,4.8,8,16,29.6,29.3573722839355,0.67393684387207,28.6834354400635,30.0313091278076,0,0.0588682086026536,0.375440803924894,0
579,0.3,1.8,3,6,11.1,10.9982328414917,0.236547499895096,10.7616853415966,11.2347803413868,0,0.0103565545508535,0.375440803924894,0
580,0.9,5.4,9,18,33.3,33.0211334228516,0.737539231777191,32.2835941910744,33.7586726546288,0,0.0777665678504839,0.375440803924894,0
581,0.8,4.8,8,16,29.6,29.3429183959961,0.709195852279663,28.6337225437164,30.0521142482758,0,0.066090951117222,0.375440803924894,0
582,0.7,4.2,7,14,25.9,25.6879463195801,0.581345915794373,25.1066004037857,26.2692922353744,0,0.0449667633796338,0.375440803924894,0
583,0.9,5.4,9,18,33.3,33.024242401123,0.744990348815918,32.2792520523071,33.769232749939,0,0.076042253338381,0.375440803924894,0
584,0.2,1.2,2,4,7.4,7.3362340927124,0.164766028523445,7.17146806418896,7.50100012123585,0,0.00406609093221055,0.375440803924894,0
585,0.5,3,5,10,18.5,18.3308792114258,0.438534677028656,17.8923445343971,18.7694138884544,0,0.0286018411279656,0.375440803924894,0
586,0.4,2.4,4,8,14.8,14.6643762588501,0.32148751616478,14.3428887426853,14.9858637750149,0,0.0183937991634959,0.375440803924894,0
587,0.2,1.2,2,4,7.4,7.3358645439148,0.148186385631561,7.18767815828323,7.48405092954636,0,0.00411335672725731,0.375440803924894,0
588,0.7,4.2,7,14,25.9,25.6825618743896,0.606578469276428,25.0759834051132,26.2891403436661,0,0.0472793384689424,0.375440803924894,0
589,0.1,0.6,1,2,3.7,3.68948173522949,0.104995220899582,3.58448651432991,3.79447695612907,0,0.00011063389378251,0.375440803924894,0
590,0.1,0.6,1,2,3.7,3.68841338157654,0.0827052891254425,3.6057080924511,3.77111867070198,0,0.000134249726490911,0.375440803924894,0
591,0.3,1.8,3,6,11.1,10.9985284805298,0.240122005343437,10.7584064751863,11.2386504858732,0,0.0102964692635941,0.375440803924894,0
592,1,6,10,20,37,36.6935005187988,0.872358679771423,35.8211418390274,37.5658591985702,0,0.0939419319765875,0.375440803924894,0
593,1,6,10,20,37,36.7169494628906,0.814676463603973,35.9022729992866,37.5316259264946,0,0.0801176065579057,0.375440803924894,0
594,0.1,0.6,1,2,3.7,3.68709897994995,0.0816209986805916,3.60547798126936,3.76871997863054,0,0.000166436318331766,0.375440803924894,0
595,0.1,0.6,1,2,3.7,3.68854355812073,0.0778474509716034,3.61069610714912,3.76639100909233,0,0.000131250060533152,0.375440803924894,0
596,0.5,3,5,10,18.5,18.3464908599854,0.385449081659317,17.961041778326,18.7319399416447,0,0.0235650560680369,0.375440803924894,0
597,1,6,10,20,37,36.6918907165527,0.875629007816315,35.8162617087364,37.567519724369,0,0.0949313305463875,0.375440803924894,0
598,0.9,5.4,9,18,33.3,33.0258178710937,0.766304016113281,32.2595138549805,33.792121887207,0,0.0751758398115619,0.375440803924894,0
599,0.9,5.4,9,18,33.3,33.0202941894531,0.767405033111572,32.2528891563415,33.7876992225647,0,0.0782353404536827,0.375440803924894,0
,,,,,,,,,soma:,0,0,0.375440803924894,0
,,,,,,,,,100% dentro intervalo ,,0.187720401962447,0.375440803924894,0
